inventory_id,product_id,store_id,stock_quantity,restock_date
1,1001,205,23,2025-05-06
2,1001,206,65,2025-05-06
3,1001,201,30,2025-05-06
4,1001,209,81,2025-05-06
5,1001,208,37,2025-05-06
6,1001,210,84,2025-05-06
7,1001,204,97,2025-05-06
8,1001,214,80,2025-05-06
9,1002,206,46,2025-05-06
10,1002,213,28,2025-05-06
11,1002,216,42,2025-05-06
12,1002,218,76,2025-05-06
13,1002,205,98,2025-05-06
14,1002,203,82,2025-05-06
15,1002,204,61,2025-05-06
16,1002,214,78,2025-05-06
17,1002,201,51,2025-05-06
18,1002,207,74,2025-05-06
19,1002,212,71,2025-05-06
20,1002,217,25,2025-05-06
21,1002,211,97,2025-05-06
22,1002,202,68,2025-05-06
23,1002,220,60,2025-05-06
24,1002,208,70,2025-05-06
25,1003,217,51,2025-05-06
26,1003,204,86,2025-05-06
27,1003,215,88,2025-05-06
28,1003,218,70,2025-05-06
29,1003,202,25,2025-05-06
30,1003,220,91,2025-05-06
31,1004,217,79,2025-05-06
32,1004,202,77,2025-05-06
33,1004,207,31,2025-05-06
34,1004,210,84,2025-05-06
35,1004,215,34,2025-05-06
36,1004,218,43,2025-05-06
37,1004,205,94,2025-05-06
38,1004,213,89,2025-05-06
39,1004,214,37,2025-05-06
40,1004,208,70,2025-05-06
41,1004,203,72,2025-05-06
42,1004,216,61,2025-05-06
43,1004,212,77,2025-05-06
44,1004,211,23,2025-05-06
45,1004,201,42,2025-05-06
46,1004,209,78,2025-05-06
47,1004,219,95,2025-05-06
48,1005,215,66,2025-05-06
49,1005,203,30,2025-05-06
50,1005,209,87,2025-05-06
51,1005,211,69,2025-05-06
52,1005,206,85,2025-05-06
53,1005,212,98,2025-05-06
54,1005,220,40,2025-05-06
55,1005,202,68,2025-05-06
56,1005,213,90,2025-05-06
57,1005,214,68,2025-05-06
58,1005,208,25,2025-05-06
59,1006,211,59,2025-05-06
60,1006,219,59,2025-05-06
61,1006,205,77,2025-05-06
62,1006,206,56,2025-05-06
63,1006,218,100,2025-05-06
64,1006,203,43,2025-05-06
65,1006,213,35,2025-05-06
66,1006,212,36,2025-05-06
67,1006,201,45,2025-05-06
68,1006,207,20,2025-05-06
69,1007,201,76,2025-05-06
70,1007,215,30,2025-05-06
71,1007,216,96,2025-05-06
72,1007,218,96,2025-05-06
73,1007,220,20,2025-05-06
74,1007,210,51,2025-05-06
75,1007,208,90,2025-05-06
76,1007,204,55,2025-05-06
77,1007,213,99,2025-05-06
78,1007,219,100,2025-05-06
79,1007,214,91,2025-05-06
80,1007,211,46,2025-05-06
81,1007,207,26,2025-05-06
82,1008,205,58,2025-05-06
83,1008,202,62,2025-05-06
84,1008,212,31,2025-05-06
85,1008,219,26,2025-05-06
86,1008,220,33,2025-05-06
87,1008,214,73,2025-05-06
88,1008,201,42,2025-05-06
89,1008,211,40,2025-05-06
90,1008,210,56,2025-05-06
91,1008,218,98,2025-05-06
92,1009,215,28,2025-05-06
93,1009,219,74,2025-05-06
94,1009,212,90,2025-05-06
95,1009,202,28,2025-05-06
96,1009,203,57,2025-05-06
97,1009,213,80,2025-05-06
98,1009,205,37,2025-05-06
99,1009,206,35,2025-05-06
100,1009,220,55,2025-05-06
101,1009,207,62,2025-05-06
102,1010,217,98,2025-05-06
103,1010,207,92,2025-05-06
104,1010,219,83,2025-05-06
105,1010,202,86,2025-05-06
106,1010,204,100,2025-05-06
107,1010,210,83,2025-05-06
108,1010,212,83,2025-05-06
109,1010,211,43,2025-05-06
110,1010,209,98,2025-05-06
111,1010,220,49,2025-05-06
112,1010,208,57,2025-05-06
113,1010,205,44,2025-05-06
114,1010,218,20,2025-05-06
115,1010,214,35,2025-05-06
116,1010,203,23,2025-05-06
117,1010,206,79,2025-05-06
118,1010,215,100,2025-05-06
119,1010,201,35,2025-05-06
120,1011,220,45,2025-05-06
121,1011,214,56,2025-05-06
122,1011,219,52,2025-05-06
123,1011,202,28,2025-05-06
124,1011,211,59,2025-05-06
125,1011,206,58,2025-05-06
126,1011,209,84,2025-05-06
127,1011,213,90,2025-05-06
128,1011,216,61,2025-05-06
129,1011,204,20,2025-05-06
130,1011,201,34,2025-05-06
131,1012,211,100,2025-05-06
132,1012,213,78,2025-05-06
133,1012,201,88,2025-05-06
134,1012,206,62,2025-05-06
135,1012,207,79,2025-05-06
136,1012,217,72,2025-05-06
137,1012,214,27,2025-05-06
138,1012,215,86,2025-05-06
139,1012,220,58,2025-05-06
140,1012,208,92,2025-05-06
141,1012,212,60,2025-05-06
142,1012,218,91,2025-05-06
143,1012,203,88,2025-05-06
144,1012,204,22,2025-05-06
145,1012,202,46,2025-05-06
146,1013,212,59,2025-05-06
147,1013,203,60,2025-05-06
148,1013,205,24,2025-05-06
149,1013,209,54,2025-05-06
150,1013,201,72,2025-05-06
151,1013,206,31,2025-05-06
152,1013,207,83,2025-05-06
153,1013,211,50,2025-05-06
154,1013,217,67,2025-05-06
155,1013,219,77,2025-05-06
156,1013,210,58,2025-05-06
157,1013,214,47,2025-05-06
158,1013,213,87,2025-05-06
159,1013,218,58,2025-05-06
160,1013,216,42,2025-05-06
161,1014,212,81,2025-05-06
162,1014,202,84,2025-05-06
163,1014,207,39,2025-05-06
164,1014,203,44,2025-05-06
165,1014,215,63,2025-05-06
166,1014,209,81,2025-05-06
167,1014,201,87,2025-05-06
168,1014,213,59,2025-05-06
169,1015,205,96,2025-05-06
170,1015,204,31,2025-05-06
171,1015,217,62,2025-05-06
172,1015,220,79,2025-05-06
173,1015,207,25,2025-05-06
174,1015,212,33,2025-05-06
175,1015,201,86,2025-05-06
176,1015,208,59,2025-05-06
177,1015,216,22,2025-05-06
178,1015,209,93,2025-05-06
179,1015,202,59,2025-05-06
180,1015,214,46,2025-05-06
181,1015,218,61,2025-05-06
182,1015,211,45,2025-05-06
183,1015,206,44,2025-05-06
184,1016,209,89,2025-05-06
185,1016,218,64,2025-05-06
186,1016,211,90,2025-05-06
187,1016,215,60,2025-05-06
188,1016,204,54,2025-05-06
189,1016,205,38,2025-05-06
190,1016,203,56,2025-05-06
191,1016,214,93,2025-05-06
192,1016,217,51,2025-05-06
193,1016,202,41,2025-05-06
194,1016,201,29,2025-05-06
195,1016,220,59,2025-05-06
196,1016,219,98,2025-05-06
197,1016,208,63,2025-05-06
198,1017,202,79,2025-05-06
199,1017,205,92,2025-05-06
200,1017,201,36,2025-05-06
201,1017,216,31,2025-05-06
202,1017,220,79,2025-05-06
203,1017,217,32,2025-05-06
204,1017,207,78,2025-05-06
205,1017,218,59,2025-05-06
206,1017,215,79,2025-05-06
207,1017,214,80,2025-05-06
208,1017,211,49,2025-05-06
209,1017,203,48,2025-05-06
210,1017,208,38,2025-05-06
211,1017,219,98,2025-05-06
212,1017,209,53,2025-05-06
213,1017,206,66,2025-05-06
214,1017,210,70,2025-05-06
215,1017,213,43,2025-05-06
216,1017,204,62,2025-05-06
217,1018,215,71,2025-05-06
218,1018,216,33,2025-05-06
219,1018,201,61,2025-05-06
220,1018,203,91,2025-05-06
221,1018,219,29,2025-05-06
222,1018,202,58,2025-05-06
223,1018,206,88,2025-05-06
224,1018,208,79,2025-05-06
225,1018,213,71,2025-05-06
226,1018,217,95,2025-05-06
227,1018,205,72,2025-05-06
228,1018,214,50,2025-05-06
229,1018,211,99,2025-05-06
230,1018,210,51,2025-05-06
231,1018,218,90,2025-05-06
232,1019,216,92,2025-05-06
233,1019,213,63,2025-05-06
234,1019,203,89,2025-05-06
235,1019,211,50,2025-05-06
236,1019,207,42,2025-05-06
237,1019,214,29,2025-05-06
238,1019,212,93,2025-05-06
239,1019,210,82,2025-05-06
240,1019,220,34,2025-05-06
241,1019,215,95,2025-05-06
242,1020,211,94,2025-05-06
243,1020,218,20,2025-05-06
244,1020,204,38,2025-05-06
245,1020,215,39,2025-05-06
246,1020,206,77,2025-05-06
247,1020,205,88,2025-05-06
248,1020,207,57,2025-05-06
249,1020,202,69,2025-05-06
250,1020,210,98,2025-05-06
251,1020,213,93,2025-05-06
252,1020,212,77,2025-05-06
253,1020,214,45,2025-05-06
254,1020,216,46,2025-05-06
255,1020,219,60,2025-05-06
256,1020,208,58,2025-05-06
257,1020,201,92,2025-05-06
258,1020,217,58,2025-05-06
259,1020,209,75,2025-05-06
260,1020,203,64,2025-05-06
261,1021,219,27,2025-05-06
262,1021,201,67,2025-05-06
263,1021,217,90,2025-05-06
264,1021,213,26,2025-05-06
265,1021,205,20,2025-05-06
266,1021,214,91,2025-05-06
267,1021,216,65,2025-05-06
268,1022,210,68,2025-05-06
269,1022,201,71,2025-05-06
270,1022,208,68,2025-05-06
271,1022,214,75,2025-05-06
272,1022,213,89,2025-05-06
273,1022,211,47,2025-05-06
274,1022,206,42,2025-05-06
275,1022,212,80,2025-05-06
276,1023,207,37,2025-05-06
277,1023,218,21,2025-05-06
278,1023,213,29,2025-05-06
279,1023,212,22,2025-05-06
280,1023,214,38,2025-05-06
281,1023,203,82,2025-05-06
282,1023,205,75,2025-05-06
283,1023,211,37,2025-05-06
284,1023,215,30,2025-05-06
285,1024,214,69,2025-05-06
286,1024,215,65,2025-05-06
287,1024,220,48,2025-05-06
288,1024,206,43,2025-05-06
289,1024,219,74,2025-05-06
290,1024,209,97,2025-05-06
291,1024,207,20,2025-05-06
292,1024,216,93,2025-05-06
293,1024,208,83,2025-05-06
294,1025,217,30,2025-05-06
295,1025,209,38,2025-05-06
296,1025,214,87,2025-05-06
297,1025,212,55,2025-05-06
298,1025,202,79,2025-05-06
299,1025,201,86,2025-05-06
300,1025,210,30,2025-05-06
301,1025,208,86,2025-05-06
302,1025,220,98,2025-05-06
303,1025,206,31,2025-05-06
304,1025,216,51,2025-05-06
305,1025,213,80,2025-05-06
306,1026,218,21,2025-05-06
307,1026,219,80,2025-05-06
308,1026,210,78,2025-05-06
309,1026,202,85,2025-05-06
310,1026,211,80,2025-05-06
311,1026,209,93,2025-05-06
312,1026,213,62,2025-05-06
313,1027,212,57,2025-05-06
314,1027,210,99,2025-05-06
315,1027,219,23,2025-05-06
316,1027,206,56,2025-05-06
317,1027,202,82,2025-05-06
318,1027,220,30,2025-05-06
319,1027,218,36,2025-05-06
320,1027,215,84,2025-05-06
321,1027,205,29,2025-05-06
322,1027,214,55,2025-05-06
323,1027,213,52,2025-05-06
324,1027,201,36,2025-05-06
325,1027,208,98,2025-05-06
326,1027,211,55,2025-05-06
327,1027,216,55,2025-05-06
328,1027,207,52,2025-05-06
329,1027,209,21,2025-05-06
330,1027,203,34,2025-05-06
331,1028,219,43,2025-05-06
332,1028,205,87,2025-05-06
333,1028,215,24,2025-05-06
334,1028,212,63,2025-05-06
335,1028,206,30,2025-05-06
336,1028,220,38,2025-05-06
337,1028,213,96,2025-05-06
338,1028,217,39,2025-05-06
339,1028,204,83,2025-05-06
340,1028,208,72,2025-05-06
341,1029,208,68,2025-05-06
342,1029,215,69,2025-05-06
343,1029,206,80,2025-05-06
344,1029,207,53,2025-05-06
345,1029,212,38,2025-05-06
346,1029,201,87,2025-05-06
347,1029,211,75,2025-05-06
348,1029,205,21,2025-05-06
349,1029,202,56,2025-05-06
350,1029,219,77,2025-05-06
351,1029,203,68,2025-05-06
352,1029,220,60,2025-05-06
353,1029,217,87,2025-05-06
354,1029,204,25,2025-05-06
355,1029,210,32,2025-05-06
356,1029,209,88,2025-05-06
357,1029,216,65,2025-05-06
358,1030,220,63,2025-05-06
359,1030,209,43,2025-05-06
360,1030,211,60,2025-05-06
361,1030,219,90,2025-05-06
362,1030,217,21,2025-05-06
363,1030,213,21,2025-05-06
364,1030,202,28,2025-05-06
365,1030,205,21,2025-05-06
366,1030,218,72,2025-05-06
367,1030,210,32,2025-05-06
368,1030,207,87,2025-05-06
369,1030,208,33,2025-05-06
370,1030,204,77,2025-05-06
371,1030,206,64,2025-05-06
372,1030,212,48,2025-05-06
373,1030,215,56,2025-05-06
374,1030,214,52,2025-05-06
375,1030,203,44,2025-05-06
376,1031,201,35,2025-05-06
377,1031,203,31,2025-05-06
378,1031,202,97,2025-05-06
379,1031,207,36,2025-05-06
380,1031,204,68,2025-05-06
381,1031,212,92,2025-05-06
382,1032,204,74,2025-05-06
383,1032,206,61,2025-05-06
384,1032,209,52,2025-05-06
385,1032,210,40,2025-05-06
386,1032,215,29,2025-05-06
387,1032,211,55,2025-05-06
388,1032,202,27,2025-05-06
389,1032,216,68,2025-05-06
390,1032,208,69,2025-05-06
391,1032,205,62,2025-05-06
392,1033,209,45,2025-05-06
393,1033,220,98,2025-05-06
394,1033,206,70,2025-05-06
395,1033,215,42,2025-05-06
396,1033,203,82,2025-05-06
397,1033,208,33,2025-05-06
398,1034,218,29,2025-05-06
399,1034,214,29,2025-05-06
400,1034,207,93,2025-05-06
401,1034,204,52,2025-05-06
402,1034,215,77,2025-05-06
403,1034,212,22,2025-05-06
404,1034,205,83,2025-05-06
405,1034,202,39,2025-05-06
406,1034,201,20,2025-05-06
407,1035,213,20,2025-05-06
408,1035,209,85,2025-05-06
409,1035,205,82,2025-05-06
410,1035,211,81,2025-05-06
411,1035,220,75,2025-05-06
412,1035,210,71,2025-05-06
413,1036,218,88,2025-05-06
414,1036,208,65,2025-05-06
415,1036,201,62,2025-05-06
416,1036,213,58,2025-05-06
417,1036,216,71,2025-05-06
418,1036,202,27,2025-05-06
419,1036,210,100,2025-05-06
420,1037,212,57,2025-05-06
421,1037,218,45,2025-05-06
422,1037,211,42,2025-05-06
423,1037,203,90,2025-05-06
424,1037,215,25,2025-05-06
425,1037,213,69,2025-05-06
426,1037,216,44,2025-05-06
427,1038,213,95,2025-05-06
428,1038,204,50,2025-05-06
429,1038,212,82,2025-05-06
430,1038,216,69,2025-05-06
431,1038,203,28,2025-05-06
432,1038,215,89,2025-05-06
433,1038,211,59,2025-05-06
434,1038,208,83,2025-05-06
435,1038,218,88,2025-05-06
436,1038,219,77,2025-05-06
437,1038,217,22,2025-05-06
438,1038,201,24,2025-05-06
439,1038,214,63,2025-05-06
440,1038,209,27,2025-05-06
441,1039,202,82,2025-05-06
442,1039,213,22,2025-05-06
443,1039,204,80,2025-05-06
444,1039,207,99,2025-05-06
445,1039,215,25,2025-05-06
446,1039,211,51,2025-05-06
447,1039,214,36,2025-05-06
448,1039,209,21,2025-05-06
449,1039,203,42,2025-05-06
450,1039,210,100,2025-05-06
451,1039,218,26,2025-05-06
452,1039,220,59,2025-05-06
453,1039,201,32,2025-05-06
454,1039,206,78,2025-05-06
455,1039,219,98,2025-05-06
456,1040,219,45,2025-05-06
457,1040,203,74,2025-05-06
458,1040,204,63,2025-05-06
459,1040,218,71,2025-05-06
460,1040,216,61,2025-05-06
461,1040,210,35,2025-05-06
462,1040,213,93,2025-05-06
463,1040,215,89,2025-05-06
464,1040,217,37,2025-05-06
465,1040,202,61,2025-05-06
466,1041,202,90,2025-05-06
467,1041,219,41,2025-05-06
468,1041,206,76,2025-05-06
469,1041,211,51,2025-05-06
470,1041,203,94,2025-05-06
471,1041,220,25,2025-05-06
472,1041,205,37,2025-05-06
473,1041,216,32,2025-05-06
474,1041,207,100,2025-05-06
475,1041,213,98,2025-05-06
476,1041,218,68,2025-05-06
477,1042,201,56,2025-05-06
478,1042,216,73,2025-05-06
479,1042,203,80,2025-05-06
480,1042,220,36,2025-05-06
481,1042,217,46,2025-05-06
482,1042,218,38,2025-05-06
483,1042,202,54,2025-05-06
484,1042,212,86,2025-05-06
485,1042,211,77,2025-05-06
486,1042,210,72,2025-05-06
487,1043,206,91,2025-05-06
488,1043,202,50,2025-05-06
489,1043,220,44,2025-05-06
490,1043,216,35,2025-05-06
491,1043,203,87,2025-05-06
492,1043,211,32,2025-05-06
493,1043,214,99,2025-05-06
494,1043,213,66,2025-05-06
495,1043,205,89,2025-05-06
496,1043,218,84,2025-05-06
497,1043,207,48,2025-05-06
498,1043,201,79,2025-05-06
499,1044,209,25,2025-05-06
500,1044,202,26,2025-05-06
501,1044,207,66,2025-05-06
502,1044,204,56,2025-05-06
503,1044,205,46,2025-05-06
504,1044,211,75,2025-05-06
505,1044,214,52,2025-05-06
506,1044,208,62,2025-05-06
507,1044,213,98,2025-05-06
508,1044,203,78,2025-05-06
509,1044,215,25,2025-05-06
510,1045,202,29,2025-05-06
511,1045,218,50,2025-05-06
512,1045,206,76,2025-05-06
513,1045,219,95,2025-05-06
514,1045,201,94,2025-05-06
515,1045,208,61,2025-05-06
516,1045,209,73,2025-05-06
517,1045,220,45,2025-05-06
518,1046,208,26,2025-05-06
519,1046,204,75,2025-05-06
520,1046,211,38,2025-05-06
521,1046,220,47,2025-05-06
522,1046,219,98,2025-05-06
523,1046,216,78,2025-05-06
524,1046,212,42,2025-05-06
525,1046,207,69,2025-05-06
526,1046,215,67,2025-05-06
527,1046,213,37,2025-05-06
528,1046,214,78,2025-05-06
529,1046,202,44,2025-05-06
530,1046,217,100,2025-05-06
531,1046,205,65,2025-05-06
532,1046,210,54,2025-05-06
533,1047,211,63,2025-05-06
534,1047,205,48,2025-05-06
535,1047,202,57,2025-05-06
536,1047,218,97,2025-05-06
537,1047,209,40,2025-05-06
538,1047,203,98,2025-05-06
539,1047,217,41,2025-05-06
540,1047,208,93,2025-05-06
541,1047,213,90,2025-05-06
542,1047,207,49,2025-05-06
543,1047,215,31,2025-05-06
544,1048,217,20,2025-05-06
545,1048,216,73,2025-05-06
546,1048,207,25,2025-05-06
547,1048,219,25,2025-05-06
548,1048,215,80,2025-05-06
549,1048,205,84,2025-05-06
550,1048,201,24,2025-05-06
551,1048,212,74,2025-05-06
552,1048,218,87,2025-05-06
553,1048,204,70,2025-05-06
554,1048,211,81,2025-05-06
555,1048,206,32,2025-05-06
556,1048,213,77,2025-05-06
557,1048,220,83,2025-05-06
558,1048,202,50,2025-05-06
559,1048,208,30,2025-05-06
560,1048,209,91,2025-05-06
561,1048,203,21,2025-05-06
562,1049,207,79,2025-05-06
563,1049,205,37,2025-05-06
564,1049,212,71,2025-05-06
565,1049,210,43,2025-05-06
566,1049,208,67,2025-05-06
567,1049,211,100,2025-05-06
568,1049,202,79,2025-05-06
569,1049,201,20,2025-05-06
570,1049,216,100,2025-05-06
571,1049,215,29,2025-05-06
572,1049,219,69,2025-05-06
573,1049,203,62,2025-05-06
574,1049,218,87,2025-05-06
575,1049,220,24,2025-05-06
576,1049,217,57,2025-05-06
577,1049,206,74,2025-05-06
578,1049,213,54,2025-05-06
579,1049,214,98,2025-05-06
580,1050,203,99,2025-05-06
581,1050,211,25,2025-05-06
582,1050,202,66,2025-05-06
583,1050,217,66,2025-05-06
584,1050,212,42,2025-05-06
585,1050,215,91,2025-05-06
586,1050,201,28,2025-05-06
587,1050,218,91,2025-05-06
588,1050,207,46,2025-05-06
589,1050,206,37,2025-05-06
590,1050,208,62,2025-05-06
591,1051,218,26,2025-05-06
592,1051,204,28,2025-05-06
593,1051,216,67,2025-05-06
594,1051,207,64,2025-05-06
595,1051,208,77,2025-05-06
596,1051,206,82,2025-05-06
597,1051,215,84,2025-05-06
598,1051,205,87,2025-05-06
599,1051,209,35,2025-05-06
600,1051,211,80,2025-05-06
601,1051,217,88,2025-05-06
602,1051,213,88,2025-05-06
603,1052,215,34,2025-05-06
604,1052,212,38,2025-05-06
605,1052,203,83,2025-05-06
606,1052,207,39,2025-05-06
607,1052,220,46,2025-05-06
608,1052,202,86,2025-05-06
609,1052,216,100,2025-05-06
610,1052,217,22,2025-05-06
611,1052,218,57,2025-05-06
612,1052,205,73,2025-05-06
613,1052,214,89,2025-05-06
614,1052,210,36,2025-05-06
615,1052,219,80,2025-05-06
616,1052,208,64,2025-05-06
617,1053,215,87,2025-05-06
618,1053,201,90,2025-05-06
619,1053,210,76,2025-05-06
620,1053,207,78,2025-05-06
621,1053,203,58,2025-05-06
622,1053,219,92,2025-05-06
623,1053,214,36,2025-05-06
624,1053,213,59,2025-05-06
625,1053,204,41,2025-05-06
626,1053,209,53,2025-05-06
627,1053,206,49,2025-05-06
628,1053,217,81,2025-05-06
629,1053,218,67,2025-05-06
630,1053,208,56,2025-05-06
631,1053,211,26,2025-05-06
632,1053,216,38,2025-05-06
633,1053,212,65,2025-05-06
634,1053,205,56,2025-05-06
635,1054,206,67,2025-05-06
636,1054,220,43,2025-05-06
637,1054,218,46,2025-05-06
638,1054,210,91,2025-05-06
639,1054,219,24,2025-05-06
640,1054,203,60,2025-05-06
641,1054,214,64,2025-05-06
642,1054,212,38,2025-05-06
643,1054,213,67,2025-05-06
644,1054,211,77,2025-05-06
645,1054,215,89,2025-05-06
646,1054,217,40,2025-05-06
647,1054,204,88,2025-05-06
648,1054,201,58,2025-05-06
649,1054,207,35,2025-05-06
650,1054,209,23,2025-05-06
651,1054,202,71,2025-05-06
652,1054,208,83,2025-05-06
653,1054,205,38,2025-05-06
654,1055,211,90,2025-05-06
655,1055,205,34,2025-05-06
656,1055,201,59,2025-05-06
657,1055,217,23,2025-05-06
658,1055,220,71,2025-05-06
659,1055,216,99,2025-05-06
660,1055,212,48,2025-05-06
661,1055,219,77,2025-05-06
662,1055,208,65,2025-05-06
663,1055,213,31,2025-05-06
664,1055,210,61,2025-05-06
665,1055,203,27,2025-05-06
666,1055,214,97,2025-05-06
667,1055,209,44,2025-05-06
668,1055,206,94,2025-05-06
669,1055,218,87,2025-05-06
670,1055,204,48,2025-05-06
671,1055,215,55,2025-05-06
672,1055,207,45,2025-05-06
673,1056,203,44,2025-05-06
674,1056,218,82,2025-05-06
675,1056,215,60,2025-05-06
676,1056,220,97,2025-05-06
677,1056,213,97,2025-05-06
678,1057,212,67,2025-05-06
679,1057,213,21,2025-05-06
680,1057,205,56,2025-05-06
681,1057,214,64,2025-05-06
682,1057,220,64,2025-05-06
683,1057,207,59,2025-05-06
684,1058,218,28,2025-05-06
685,1058,203,95,2025-05-06
686,1058,207,68,2025-05-06
687,1058,215,31,2025-05-06
688,1058,214,20,2025-05-06
689,1058,213,72,2025-05-06
690,1058,208,54,2025-05-06
691,1058,205,73,2025-05-06
692,1058,219,42,2025-05-06
693,1058,220,91,2025-05-06
694,1058,211,79,2025-05-06
695,1058,212,92,2025-05-06
696,1058,202,37,2025-05-06
697,1058,216,45,2025-05-06
698,1058,210,43,2025-05-06
699,1058,209,68,2025-05-06
700,1058,204,57,2025-05-06
701,1058,217,90,2025-05-06
702,1058,206,82,2025-05-06
703,1059,210,23,2025-05-06
704,1059,219,20,2025-05-06
705,1059,220,39,2025-05-06
706,1059,216,53,2025-05-06
707,1059,215,58,2025-05-06
708,1059,204,80,2025-05-06
709,1060,210,55,2025-05-06
710,1060,214,83,2025-05-06
711,1060,206,28,2025-05-06
712,1060,216,96,2025-05-06
713,1060,208,66,2025-05-06
714,1060,201,94,2025-05-06
715,1060,202,81,2025-05-06
716,1060,213,92,2025-05-06
717,1061,209,54,2025-05-06
718,1061,216,66,2025-05-06
719,1061,204,73,2025-05-06
720,1061,212,65,2025-05-06
721,1061,201,26,2025-05-06
722,1061,214,57,2025-05-06
723,1061,205,57,2025-05-06
724,1061,203,87,2025-05-06
725,1061,210,29,2025-05-06
726,1061,219,85,2025-05-06
727,1061,213,44,2025-05-06
728,1061,206,100,2025-05-06
729,1061,208,43,2025-05-06
730,1061,220,32,2025-05-06
731,1061,202,96,2025-05-06
732,1061,217,41,2025-05-06
733,1061,207,89,2025-05-06
734,1061,211,61,2025-05-06
735,1062,210,40,2025-05-06
736,1062,209,33,2025-05-06
737,1062,212,47,2025-05-06
738,1062,204,39,2025-05-06
739,1062,218,84,2025-05-06
740,1062,214,48,2025-05-06
741,1062,203,44,2025-05-06
742,1062,201,91,2025-05-06
743,1062,215,98,2025-05-06
744,1062,219,87,2025-05-06
745,1062,205,88,2025-05-06
746,1062,206,90,2025-05-06
747,1062,208,34,2025-05-06
748,1062,217,73,2025-05-06
749,1062,216,78,2025-05-06
750,1063,204,66,2025-05-06
751,1063,205,37,2025-05-06
752,1063,201,76,2025-05-06
753,1063,216,96,2025-05-06
754,1063,212,86,2025-05-06
755,1063,219,63,2025-05-06
756,1063,217,42,2025-05-06
757,1064,201,34,2025-05-06
758,1064,204,29,2025-05-06
759,1064,208,22,2025-05-06
760,1064,205,81,2025-05-06
761,1064,217,75,2025-05-06
762,1064,212,25,2025-05-06
763,1064,219,45,2025-05-06
764,1064,216,33,2025-05-06
765,1064,203,24,2025-05-06
766,1064,214,85,2025-05-06
767,1064,215,95,2025-05-06
768,1064,202,27,2025-05-06
769,1064,207,80,2025-05-06
770,1064,206,35,2025-05-06
771,1065,202,23,2025-05-06
772,1065,203,31,2025-05-06
773,1065,210,38,2025-05-06
774,1065,201,55,2025-05-06
775,1065,204,94,2025-05-06
776,1065,213,64,2025-05-06
777,1065,220,65,2025-05-06
778,1065,218,40,2025-05-06
779,1065,216,84,2025-05-06
780,1065,215,98,2025-05-06
781,1065,212,50,2025-05-06
782,1065,219,84,2025-05-06
783,1065,206,92,2025-05-06
784,1066,204,56,2025-05-06
785,1066,219,41,2025-05-06
786,1066,201,88,2025-05-06
787,1066,217,20,2025-05-06
788,1066,207,32,2025-05-06
789,1066,212,47,2025-05-06
790,1066,220,84,2025-05-06
791,1067,212,83,2025-05-06
792,1067,219,66,2025-05-06
793,1067,206,56,2025-05-06
794,1067,215,91,2025-05-06
795,1067,204,25,2025-05-06
796,1067,203,30,2025-05-06
797,1067,214,61,2025-05-06
798,1067,218,83,2025-05-06
799,1067,207,34,2025-05-06
800,1067,220,69,2025-05-06
801,1067,216,56,2025-05-06
802,1067,209,78,2025-05-06
803,1067,210,96,2025-05-06
804,1067,208,59,2025-05-06
805,1067,201,76,2025-05-06
806,1067,217,48,2025-05-06
807,1067,213,90,2025-05-06
808,1067,202,72,2025-05-06
809,1067,211,57,2025-05-06
810,1067,205,74,2025-05-06
811,1068,203,86,2025-05-06
812,1068,216,30,2025-05-06
813,1068,212,35,2025-05-06
814,1068,206,38,2025-05-06
815,1068,201,70,2025-05-06
816,1068,211,71,2025-05-06
817,1068,208,95,2025-05-06
818,1068,215,33,2025-05-06
819,1068,202,41,2025-05-06
820,1068,207,28,2025-05-06
821,1068,214,66,2025-05-06
822,1069,211,95,2025-05-06
823,1069,207,54,2025-05-06
824,1069,213,71,2025-05-06
825,1069,204,65,2025-05-06
826,1069,208,80,2025-05-06
827,1069,214,97,2025-05-06
828,1069,219,71,2025-05-06
829,1069,212,82,2025-05-06
830,1069,216,85,2025-05-06
831,1069,205,55,2025-05-06
832,1069,210,38,2025-05-06
833,1070,204,39,2025-05-06
834,1070,220,58,2025-05-06
835,1070,209,99,2025-05-06
836,1070,216,99,2025-05-06
837,1070,217,32,2025-05-06
838,1070,219,29,2025-05-06
839,1070,211,86,2025-05-06
840,1070,203,83,2025-05-06
841,1070,201,79,2025-05-06
842,1070,202,45,2025-05-06
843,1070,212,57,2025-05-06
844,1070,214,83,2025-05-06
845,1070,208,82,2025-05-06
846,1070,206,84,2025-05-06
847,1070,210,53,2025-05-06
848,1070,218,89,2025-05-06
849,1070,215,63,2025-05-06
850,1070,213,89,2025-05-06
851,1070,205,89,2025-05-06
852,1071,202,60,2025-05-06
853,1071,214,68,2025-05-06
854,1071,204,76,2025-05-06
855,1071,213,78,2025-05-06
856,1071,215,24,2025-05-06
857,1072,206,37,2025-05-06
858,1072,218,59,2025-05-06
859,1072,210,69,2025-05-06
860,1072,220,82,2025-05-06
861,1072,216,34,2025-05-06
862,1072,207,92,2025-05-06
863,1073,218,66,2025-05-06
864,1073,220,64,2025-05-06
865,1073,216,94,2025-05-06
866,1073,219,23,2025-05-06
867,1073,206,100,2025-05-06
868,1073,209,63,2025-05-06
869,1073,201,68,2025-05-06
870,1073,207,32,2025-05-06
871,1073,205,74,2025-05-06
872,1073,208,64,2025-05-06
873,1073,210,65,2025-05-06
874,1073,213,72,2025-05-06
875,1073,217,64,2025-05-06
876,1073,215,27,2025-05-06
877,1073,203,51,2025-05-06
878,1073,211,51,2025-05-06
879,1073,214,50,2025-05-06
880,1073,204,59,2025-05-06
881,1073,212,95,2025-05-06
882,1073,202,30,2025-05-06
883,1074,210,24,2025-05-06
884,1074,204,78,2025-05-06
885,1074,211,74,2025-05-06
886,1074,206,92,2025-05-06
887,1074,201,85,2025-05-06
888,1074,209,73,2025-05-06
889,1074,217,54,2025-05-06
890,1075,216,93,2025-05-06
891,1075,219,69,2025-05-06
892,1075,201,61,2025-05-06
893,1075,211,93,2025-05-06
894,1075,213,32,2025-05-06
895,1076,204,93,2025-05-06
896,1076,207,71,2025-05-06
897,1076,211,48,2025-05-06
898,1076,216,99,2025-05-06
899,1076,218,31,2025-05-06
900,1076,203,94,2025-05-06
901,1076,210,32,2025-05-06
902,1076,205,95,2025-05-06
903,1076,206,63,2025-05-06
904,1076,219,54,2025-05-06
905,1076,220,28,2025-05-06
906,1076,208,92,2025-05-06
907,1076,202,87,2025-05-06
908,1076,217,80,2025-05-06
909,1076,213,74,2025-05-06
910,1076,209,46,2025-05-06
911,1076,215,64,2025-05-06
912,1076,212,29,2025-05-06
913,1076,201,58,2025-05-06
914,1076,214,84,2025-05-06
915,1077,214,86,2025-05-06
916,1077,218,43,2025-05-06
917,1077,211,93,2025-05-06
918,1077,207,83,2025-05-06
919,1077,220,47,2025-05-06
920,1077,217,79,2025-05-06
921,1077,205,54,2025-05-06
922,1077,210,88,2025-05-06
923,1077,209,98,2025-05-06
924,1077,208,75,2025-05-06
925,1077,212,92,2025-05-06
926,1077,203,100,2025-05-06
927,1077,201,27,2025-05-06
928,1077,206,86,2025-05-06
929,1078,212,60,2025-05-06
930,1078,215,28,2025-05-06
931,1078,205,46,2025-05-06
932,1078,208,72,2025-05-06
933,1078,218,54,2025-05-06
934,1078,220,56,2025-05-06
935,1078,211,40,2025-05-06
936,1078,213,52,2025-05-06
937,1078,216,96,2025-05-06
938,1078,207,50,2025-05-06
939,1078,214,71,2025-05-06
940,1079,204,74,2025-05-06
941,1079,205,24,2025-05-06
942,1079,207,45,2025-05-06
943,1079,201,40,2025-05-06
944,1079,208,54,2025-05-06
945,1079,213,37,2025-05-06
946,1079,214,23,2025-05-06
947,1079,219,53,2025-05-06
948,1079,216,55,2025-05-06
949,1079,212,90,2025-05-06
950,1079,209,42,2025-05-06
951,1079,218,25,2025-05-06
952,1080,201,31,2025-05-06
953,1080,202,50,2025-05-06
954,1080,203,96,2025-05-06
955,1080,211,35,2025-05-06
956,1080,210,60,2025-05-06
957,1080,214,62,2025-05-06
958,1080,219,94,2025-05-06
959,1080,207,69,2025-05-06
960,1080,206,50,2025-05-06
961,1080,217,74,2025-05-06
962,1080,215,47,2025-05-06
963,1080,213,38,2025-05-06
964,1080,218,33,2025-05-06
965,1080,216,42,2025-05-06
966,1080,220,47,2025-05-06
967,1080,205,55,2025-05-06
968,1080,212,76,2025-05-06
969,1080,208,72,2025-05-06
970,1080,209,52,2025-05-06
971,1080,204,95,2025-05-06
972,1081,216,74,2025-05-06
973,1081,218,80,2025-05-06
974,1081,212,51,2025-05-06
975,1081,204,55,2025-05-06
976,1081,211,38,2025-05-06
977,1081,209,66,2025-05-06
978,1082,212,69,2025-05-06
979,1082,210,21,2025-05-06
980,1082,201,70,2025-05-06
981,1082,202,52,2025-05-06
982,1082,217,58,2025-05-06
983,1082,220,31,2025-05-06
984,1082,213,50,2025-05-06
985,1082,211,58,2025-05-06
986,1082,204,46,2025-05-06
987,1082,205,40,2025-05-06
988,1082,209,76,2025-05-06
989,1082,207,100,2025-05-06
990,1082,214,60,2025-05-06
991,1082,206,72,2025-05-06
992,1082,219,24,2025-05-06
993,1082,203,55,2025-05-06
994,1082,218,30,2025-05-06
995,1082,208,82,2025-05-06
996,1082,215,80,2025-05-06
997,1082,216,72,2025-05-06
998,1083,214,43,2025-05-06
999,1083,204,100,2025-05-06
1000,1083,206,76,2025-05-06
1001,1083,209,37,2025-05-06
1002,1083,203,20,2025-05-06
1003,1083,218,71,2025-05-06
1004,1083,207,45,2025-05-06
1005,1083,210,100,2025-05-06
1006,1083,212,59,2025-05-06
1007,1083,217,60,2025-05-06
1008,1083,215,93,2025-05-06
1009,1083,208,30,2025-05-06
1010,1083,201,34,2025-05-06
1011,1083,220,40,2025-05-06
1012,1083,211,51,2025-05-06
1013,1084,220,42,2025-05-06
1014,1084,214,95,2025-05-06
1015,1084,211,61,2025-05-06
1016,1084,215,56,2025-05-06
1017,1084,216,45,2025-05-06
1018,1084,219,30,2025-05-06
1019,1084,212,73,2025-05-06
1020,1084,203,67,2025-05-06
1021,1084,205,43,2025-05-06
1022,1085,213,71,2025-05-06
1023,1085,219,99,2025-05-06
1024,1085,208,74,2025-05-06
1025,1085,201,96,2025-05-06
1026,1085,217,53,2025-05-06
1027,1085,215,39,2025-05-06
1028,1085,209,31,2025-05-06
1029,1085,211,67,2025-05-06
1030,1085,210,41,2025-05-06
1031,1085,220,92,2025-05-06
1032,1085,204,35,2025-05-06
1033,1085,202,21,2025-05-06
1034,1085,218,87,2025-05-06
1035,1085,214,75,2025-05-06
1036,1085,203,78,2025-05-06
1037,1085,207,83,2025-05-06
1038,1085,216,35,2025-05-06
1039,1086,207,44,2025-05-06
1040,1086,220,73,2025-05-06
1041,1086,209,43,2025-05-06
1042,1086,210,72,2025-05-06
1043,1086,216,38,2025-05-06
1044,1086,219,23,2025-05-06
1045,1086,203,57,2025-05-06
1046,1086,215,53,2025-05-06
1047,1086,204,50,2025-05-06
1048,1086,217,99,2025-05-06
1049,1086,212,77,2025-05-06
1050,1086,205,51,2025-05-06
1051,1087,219,29,2025-05-06
1052,1087,215,32,2025-05-06
1053,1087,203,91,2025-05-06
1054,1087,201,27,2025-05-06
1055,1087,216,26,2025-05-06
1056,1087,218,62,2025-05-06
1057,1087,214,50,2025-05-06
1058,1087,206,80,2025-05-06
1059,1087,212,65,2025-05-06
1060,1087,207,97,2025-05-06
1061,1087,204,96,2025-05-06
1062,1087,211,25,2025-05-06
1063,1087,209,20,2025-05-06
1064,1087,213,52,2025-05-06
1065,1087,205,84,2025-05-06
1066,1087,220,99,2025-05-06
1067,1088,210,38,2025-05-06
1068,1088,213,53,2025-05-06
1069,1088,212,34,2025-05-06
1070,1088,205,60,2025-05-06
1071,1088,202,25,2025-05-06
1072,1088,220,36,2025-05-06
1073,1088,203,83,2025-05-06
1074,1088,217,55,2025-05-06
1075,1088,214,66,2025-05-06
1076,1088,209,75,2025-05-06
1077,1088,208,56,2025-05-06
1078,1088,206,53,2025-05-06
1079,1088,215,98,2025-05-06
1080,1088,216,53,2025-05-06
1081,1088,201,86,2025-05-06
1082,1088,218,60,2025-05-06
1083,1088,204,75,2025-05-06
1084,1089,211,24,2025-05-06
1085,1089,216,80,2025-05-06
1086,1089,205,53,2025-05-06
1087,1089,215,40,2025-05-06
1088,1089,202,79,2025-05-06
1089,1089,204,75,2025-05-06
1090,1089,203,34,2025-05-06
1091,1089,201,83,2025-05-06
1092,1089,217,25,2025-05-06
1093,1089,214,76,2025-05-06
1094,1090,218,54,2025-05-06
1095,1090,216,92,2025-05-06
1096,1090,215,94,2025-05-06
1097,1090,219,47,2025-05-06
1098,1090,204,94,2025-05-06
1099,1090,214,20,2025-05-06
1100,1090,212,87,2025-05-06
1101,1090,203,93,2025-05-06
1102,1090,202,43,2025-05-06
1103,1090,206,73,2025-05-06
1104,1090,220,29,2025-05-06
1105,1090,217,51,2025-05-06
1106,1090,205,83,2025-05-06
1107,1090,210,32,2025-05-06
1108,1090,207,62,2025-05-06
1109,1090,208,23,2025-05-06
1110,1091,204,20,2025-05-06
1111,1091,213,62,2025-05-06
1112,1091,212,25,2025-05-06
1113,1091,220,99,2025-05-06
1114,1091,211,77,2025-05-06
1115,1091,203,61,2025-05-06
1116,1091,201,92,2025-05-06
1117,1091,202,36,2025-05-06
1118,1091,208,47,2025-05-06
1119,1091,216,26,2025-05-06
1120,1091,218,56,2025-05-06
1121,1091,210,61,2025-05-06
1122,1091,205,27,2025-05-06
1123,1091,209,29,2025-05-06
1124,1092,203,35,2025-05-06
1125,1092,213,58,2025-05-06
1126,1092,209,82,2025-05-06
1127,1092,206,75,2025-05-06
1128,1092,208,59,2025-05-06
1129,1092,219,97,2025-05-06
1130,1092,214,36,2025-05-06
1131,1092,207,65,2025-05-06
1132,1092,202,32,2025-05-06
1133,1092,201,67,2025-05-06
1134,1092,204,85,2025-05-06
1135,1092,220,45,2025-05-06
1136,1092,215,82,2025-05-06
1137,1092,216,77,2025-05-06
1138,1092,210,69,2025-05-06
1139,1092,218,80,2025-05-06
1140,1092,212,54,2025-05-06
1141,1093,203,100,2025-05-06
1142,1093,214,87,2025-05-06
1143,1093,212,30,2025-05-06
1144,1093,206,57,2025-05-06
1145,1093,219,79,2025-05-06
1146,1093,211,75,2025-05-06
1147,1093,207,30,2025-05-06
1148,1093,202,81,2025-05-06
1149,1093,201,58,2025-05-06
1150,1093,209,39,2025-05-06
1151,1093,217,36,2025-05-06
1152,1093,208,58,2025-05-06
1153,1093,204,51,2025-05-06
1154,1093,210,86,2025-05-06
1155,1093,216,74,2025-05-06
1156,1093,213,57,2025-05-06
1157,1093,215,92,2025-05-06
1158,1093,220,26,2025-05-06
1159,1094,202,79,2025-05-06
1160,1094,217,92,2025-05-06
1161,1094,204,52,2025-05-06
1162,1094,219,65,2025-05-06
1163,1094,214,52,2025-05-06
1164,1094,207,94,2025-05-06
1165,1094,220,30,2025-05-06
1166,1095,204,25,2025-05-06
1167,1095,215,30,2025-05-06
1168,1095,206,73,2025-05-06
1169,1095,218,58,2025-05-06
1170,1095,213,60,2025-05-06
1171,1096,215,78,2025-05-06
1172,1096,209,71,2025-05-06
1173,1096,211,97,2025-05-06
1174,1096,206,82,2025-05-06
1175,1096,207,58,2025-05-06
1176,1096,203,99,2025-05-06
1177,1096,202,98,2025-05-06
1178,1096,212,66,2025-05-06
1179,1096,210,70,2025-05-06
1180,1096,205,58,2025-05-06
1181,1096,214,31,2025-05-06
1182,1096,216,36,2025-05-06
1183,1096,201,37,2025-05-06
1184,1096,208,21,2025-05-06
1185,1096,204,44,2025-05-06
1186,1096,219,34,2025-05-06
1187,1096,218,22,2025-05-06
1188,1096,217,44,2025-05-06
1189,1096,213,23,2025-05-06
1190,1097,216,74,2025-05-06
1191,1097,205,22,2025-05-06
1192,1097,208,34,2025-05-06
1193,1097,214,41,2025-05-06
1194,1097,207,39,2025-05-06
1195,1097,202,76,2025-05-06
1196,1097,219,82,2025-05-06
1197,1097,213,80,2025-05-06
1198,1097,218,22,2025-05-06
1199,1097,203,77,2025-05-06
1200,1097,212,94,2025-05-06
1201,1098,207,94,2025-05-06
1202,1098,210,96,2025-05-06
1203,1098,213,90,2025-05-06
1204,1098,202,57,2025-05-06
1205,1098,211,24,2025-05-06
1206,1098,201,82,2025-05-06
1207,1098,217,71,2025-05-06
1208,1098,216,82,2025-05-06
1209,1098,212,85,2025-05-06
1210,1098,220,95,2025-05-06
1211,1098,218,98,2025-05-06
1212,1098,208,82,2025-05-06
1213,1099,202,83,2025-05-06
1214,1099,217,99,2025-05-06
1215,1099,201,64,2025-05-06
1216,1099,214,77,2025-05-06
1217,1099,211,75,2025-05-06
1218,1099,209,22,2025-05-06
1219,1099,220,40,2025-05-06
1220,1099,205,56,2025-05-06
1221,1099,216,44,2025-05-06
1222,1099,207,80,2025-05-06
1223,1099,208,64,2025-05-06
1224,1099,219,76,2025-05-06
1225,1100,217,80,2025-05-06
1226,1100,208,40,2025-05-06
1227,1100,211,99,2025-05-06
1228,1100,215,46,2025-05-06
1229,1100,205,56,2025-05-06
1230,1100,220,31,2025-05-06
1231,1100,216,81,2025-05-06
1232,1100,212,36,2025-05-06
1233,1100,213,42,2025-05-06
1234,1100,207,45,2025-05-06
1235,1100,218,40,2025-05-06
1236,1100,206,97,2025-05-06
