sale_id,date,product_id,store_id,quantity,unit_price,discount
1,2024-11-29,1082,204,1,30.58,0.29
2,2025-03-20,1095,209,4,58.36,0.27
3,2024-10-11,1029,205,2,14.93,0.11
4,2025-03-18,1087,218,2,129.63,0.2
5,2024-07-03,1076,214,1,43.8,0.07
6,2025-02-05,1004,203,4,80.84,0.17
7,2024-07-08,1030,217,10,91.68,0.01
8,2025-04-10,1004,218,4,100.17,0.14
9,2024-05-13,1092,218,7,117.58,0.27
10,2025-02-02,1029,215,10,17.26,0.29
11,2025-04-11,1036,201,3,52.05,0.17
12,2024-09-16,1090,214,6,47.67,0.29
13,2024-07-26,1036,205,4,45.06,0.09
14,2025-02-03,1098,211,2,111.94,0.08
15,2024-05-06,1012,213,2,35.29,0.11
16,2024-08-30,1046,212,10,18.33,0.25
17,2025-01-19,1034,202,8,70.72,0.02
18,2024-08-23,1069,204,7,17.04,0.2
19,2024-09-20,1011,218,5,48.75,0.08
20,2025-04-06,1081,220,6,53.18,0.1
21,2025-04-05,1074,207,2,51.47,0.04
22,2024-06-16,1006,208,5,51.78,0.17
23,2024-06-08,1011,208,2,47.18,0.13
24,2025-04-10,1049,209,8,18.72,0.18
25,2025-04-18,1082,212,3,23.39,0.0
26,2024-11-01,1048,212,4,85.04,0.06
27,2025-02-12,1086,209,2,79.79,0.12
28,2024-12-25,1078,206,9,50.88,0.27
29,2024-11-28,1094,208,3,74.97,0.17
30,2025-04-12,1060,213,5,106.28,0.2
31,2025-04-30,1082,218,4,26.87,0.05
32,2024-05-08,1088,211,1,107.18,0.25
33,2024-05-28,1030,202,6,95.28,0.08
34,2025-03-11,1052,209,2,35.57,0.09
35,2024-12-16,1028,219,6,129.1,0.1
36,2024-10-09,1028,216,7,146.91,0.08
37,2025-03-23,1083,215,3,165.53,0.14
38,2024-10-28,1034,205,4,68.24,0.06
39,2024-12-17,1096,218,9,57.5,0.21
40,2024-09-30,1034,219,7,48.34,0.04
41,2024-10-07,1075,213,6,121.07,0.21
42,2024-12-16,1029,205,9,12.0,0.12
43,2024-11-13,1064,203,1,81.71,0.22
44,2025-01-24,1015,205,3,85.48,0.06
45,2025-01-16,1088,214,10,69.36,0.13
46,2025-01-04,1009,213,7,48.39,0.02
47,2024-07-29,1077,215,9,125.64,0.13
48,2025-04-17,1033,218,1,26.36,0.03
49,2024-05-13,1088,204,9,73.64,0.28
50,2024-09-12,1097,209,6,116.54,0.16
51,2025-01-28,1015,210,7,104.53,0.13
52,2024-10-18,1021,215,1,133.18,0.01
53,2024-08-20,1093,209,9,136.22,0.05
54,2024-10-22,1098,206,9,107.45,0.1
55,2024-08-30,1014,210,9,96.32,0.03
56,2024-09-24,1078,207,3,59.06,0.29
57,2024-09-30,1048,206,9,67.54,0.01
58,2024-07-13,1100,217,1,131.06,0.24
59,2025-03-07,1077,211,8,96.9,0.14
60,2025-02-24,1003,204,6,59.53,0.01
61,2024-10-02,1040,208,1,171.96,0.27
62,2024-08-08,1031,219,2,61.01,0.0
63,2024-11-17,1011,216,2,63.26,0.15
64,2025-03-23,1098,218,3,134.07,0.21
65,2025-04-14,1017,216,9,126.06,0.28
66,2024-10-23,1022,209,9,159.63,0.26
67,2024-05-18,1078,214,4,69.25,0.24
68,2025-04-03,1070,207,5,99.45,0.17
69,2024-07-18,1052,212,8,37.55,0.24
70,2024-10-27,1067,215,2,65.09,0.19
71,2025-04-30,1032,208,2,50.21,0.2
72,2025-01-03,1044,201,10,46.15,0.08
73,2025-04-22,1071,208,10,88.74,0.11
74,2024-07-07,1029,201,2,11.98,0.19
75,2024-08-30,1091,202,4,24.55,0.2
76,2024-06-30,1009,202,6,41.9,0.2
77,2024-05-20,1010,217,4,22.66,0.08
78,2024-10-06,1036,216,4,56.57,0.21
79,2024-05-31,1070,205,10,84.9,0.28
80,2025-03-12,1074,216,4,34.25,0.13
81,2025-03-16,1061,214,4,76.6,0.16
82,2024-06-02,1013,204,7,130.8,0.17
83,2024-05-06,1046,214,7,20.02,0.22
84,2024-07-09,1060,202,2,89.85,0.08
85,2024-06-20,1008,213,6,117.5,0.26
86,2025-04-03,1014,208,4,123.54,0.07
87,2024-05-17,1025,218,8,48.08,0.22
88,2025-04-07,1018,214,3,33.94,0.11
89,2025-01-17,1036,215,4,57.62,0.15
90,2025-02-07,1010,215,9,23.24,0.09
91,2024-09-02,1013,202,9,109.59,0.02
92,2024-12-07,1002,203,4,119.15,0.25
93,2025-02-04,1022,214,8,122.24,0.29
94,2025-02-09,1062,207,7,105.3,0.14
95,2024-06-25,1008,206,7,112.72,0.02
96,2024-10-25,1001,213,5,14.94,0.18
97,2024-06-24,1059,210,7,46.7,0.06
98,2024-09-22,1090,218,8,55.99,0.23
99,2024-05-24,1020,207,5,69.04,0.28
100,2024-09-20,1028,202,10,155.87,0.3
101,2024-05-15,1095,218,1,46.15,0.22
102,2025-02-25,1096,211,1,61.41,0.21
103,2024-12-14,1007,219,8,83.44,0.21
104,2024-12-27,1065,217,3,30.56,0.26
105,2025-02-15,1008,217,2,131.58,0.13
106,2024-05-30,1024,203,10,24.99,0.12
107,2025-02-13,1009,208,7,52.75,0.04
108,2024-09-11,1016,219,4,129.05,0.07
109,2025-01-04,1075,220,1,102.58,0.26
110,2024-10-30,1080,203,7,38.41,0.07
111,2024-09-04,1085,219,10,57.63,0.18
112,2025-01-14,1067,211,5,52.29,0.21
113,2025-04-25,1027,211,4,120.18,0.11
114,2024-05-23,1034,213,3,64.36,0.07
115,2024-09-22,1086,210,8,92.38,0.13
116,2024-05-27,1041,203,1,123.44,0.12
117,2025-04-15,1059,220,10,47.09,0.22
118,2024-08-10,1013,203,9,153.34,0.25
119,2024-12-07,1028,217,5,141.78,0.2
120,2025-02-14,1017,212,2,104.25,0.12
121,2025-02-12,1032,212,5,43.02,0.02
122,2024-09-21,1021,215,9,121.51,0.13
123,2024-05-31,1091,210,10,30.54,0.29
124,2025-03-20,1084,217,1,132.48,0.1
125,2025-05-03,1086,218,5,78.45,0.28
126,2025-04-28,1085,204,3,57.9,0.08
127,2025-03-09,1034,204,2,64.09,0.02
128,2024-10-01,1096,218,3,50.39,0.07
129,2024-10-14,1035,210,10,123.9,0.3
130,2025-04-19,1027,211,4,132.78,0.12
131,2025-01-10,1088,209,9,96.91,0.27
132,2024-09-10,1063,209,1,118.7,0.02
133,2025-01-22,1012,214,5,33.73,0.03
134,2024-05-08,1006,201,6,43.31,0.05
135,2025-04-25,1099,205,5,139.5,0.12
136,2024-05-13,1021,215,9,104.21,0.08
137,2024-11-25,1091,214,9,24.85,0.08
138,2025-02-09,1002,204,2,95.35,0.01
139,2024-11-11,1089,205,9,74.73,0.12
140,2024-09-06,1005,212,10,139.53,0.08
141,2024-05-09,1071,205,7,84.7,0.02
142,2024-10-11,1017,202,5,144.77,0.12
143,2024-09-02,1047,202,6,97.73,0.28
144,2024-10-30,1027,208,2,96.83,0.26
145,2025-03-06,1046,218,7,19.8,0.05
146,2025-01-06,1080,205,4,31.06,0.23
147,2024-06-27,1021,206,7,118.74,0.3
148,2024-06-08,1004,206,6,76.05,0.22
149,2024-07-04,1053,208,5,31.68,0.25
150,2024-10-12,1021,204,7,123.87,0.02
151,2025-03-26,1005,216,4,103.21,0.04
152,2024-08-29,1026,215,6,53.75,0.02
153,2024-08-02,1040,208,4,154.4,0.16
154,2024-07-09,1004,207,7,90.62,0.27
155,2024-08-10,1043,209,2,82.65,0.22
156,2024-09-03,1099,209,6,146.44,0.11
157,2025-03-12,1083,217,7,118.27,0.06
158,2024-11-11,1087,218,6,106.61,0.08
159,2024-07-01,1004,204,5,69.44,0.26
160,2024-09-19,1023,219,5,62.95,0.01
161,2024-08-24,1005,204,10,118.09,0.01
162,2024-07-12,1056,212,6,46.04,0.14
163,2024-08-31,1056,220,9,53.45,0.09
164,2024-09-04,1015,213,10,112.01,0.29
165,2024-07-27,1025,209,1,35.45,0.24
166,2025-03-23,1091,214,1,27.81,0.14
167,2024-06-26,1067,218,4,54.2,0.24
168,2025-01-22,1047,214,2,100.37,0.24
169,2024-10-26,1086,211,10,120.22,0.19
170,2024-10-14,1041,204,5,172.59,0.18
171,2024-05-23,1065,210,7,28.02,0.17
172,2024-07-08,1042,213,5,38.01,0.22
173,2025-01-09,1071,205,4,105.28,0.14
174,2024-12-21,1054,213,3,93.9,0.09
175,2024-08-06,1079,219,5,138.31,0.21
176,2024-08-18,1052,218,1,52.31,0.14
177,2024-10-24,1039,210,4,72.19,0.23
178,2024-08-31,1056,219,10,36.43,0.01
179,2024-06-07,1084,211,8,136.51,0.1
180,2025-04-19,1057,215,4,87.86,0.17
181,2024-09-26,1066,216,3,114.06,0.16
182,2025-04-15,1085,203,5,47.23,0.18
183,2025-03-28,1066,220,6,117.57,0.21
184,2024-10-31,1012,208,5,30.05,0.21
185,2025-02-18,1029,207,3,14.76,0.26
186,2025-02-10,1004,202,4,81.46,0.29
187,2025-01-19,1061,220,2,65.57,0.07
188,2024-12-24,1059,214,10,52.59,0.1
189,2025-03-05,1025,213,8,40.99,0.01
190,2024-11-19,1052,208,3,46.84,0.16
191,2025-02-19,1084,201,2,120.02,0.27
192,2025-04-02,1100,214,4,95.44,0.1
193,2025-04-05,1023,217,8,51.18,0.03
194,2025-04-04,1007,218,4,67.43,0.21
195,2024-09-03,1016,215,3,128.95,0.05
196,2024-07-03,1060,217,9,103.04,0.0
197,2024-05-12,1077,211,8,123.27,0.03
198,2024-07-10,1079,217,7,143.17,0.3
199,2024-12-08,1071,215,3,104.74,0.28
200,2024-10-12,1096,216,8,52.42,0.23
201,2025-04-20,1034,208,5,59.45,0.22
202,2025-01-27,1099,217,8,102.74,0.04
203,2025-04-02,1081,208,5,48.56,0.21
204,2024-08-24,1057,203,5,119.21,0.22
205,2024-10-08,1031,209,6,53.34,0.26
206,2024-08-29,1041,218,2,130.23,0.12
207,2024-07-13,1018,205,4,31.44,0.22
208,2024-11-06,1050,205,4,43.06,0.17
209,2024-07-16,1009,214,7,51.65,0.03
210,2024-10-09,1043,218,8,80.74,0.07
211,2024-12-21,1054,202,4,72.43,0.14
212,2025-05-06,1054,213,10,72.89,0.19
213,2025-03-10,1090,201,10,45.61,0.18
214,2025-02-11,1049,216,1,23.64,0.17
215,2024-12-23,1046,210,7,20.12,0.17
216,2024-07-05,1054,218,9,73.79,0.1
217,2024-10-03,1078,208,8,77.51,0.18
218,2025-03-24,1029,209,7,13.51,0.15
219,2024-12-29,1063,201,7,89.22,0.28
220,2024-11-20,1044,213,3,40.98,0.07
221,2024-07-31,1060,205,10,102.41,0.15
222,2024-11-17,1069,201,7,23.18,0.03
223,2024-09-05,1076,219,1,42.75,0.02
224,2025-03-06,1011,214,3,60.96,0.02
225,2024-05-12,1060,206,1,84.06,0.21
226,2024-05-24,1034,213,6,72.62,0.27
227,2024-12-20,1028,215,6,131.48,0.28
228,2024-05-31,1044,213,5,40.93,0.29
229,2024-10-23,1097,214,5,108.76,0.22
230,2024-07-22,1011,216,1,60.42,0.22
231,2025-02-17,1096,218,1,61.09,0.14
232,2024-05-30,1045,208,2,60.12,0.06
233,2024-07-28,1100,202,1,142.55,0.21
234,2025-04-26,1032,207,1,37.18,0.22
235,2025-05-05,1080,205,4,32.92,0.21
236,2025-04-15,1017,216,2,134.81,0.03
237,2025-03-31,1073,207,8,81.57,0.28
238,2024-09-06,1090,209,6,42.08,0.18
239,2025-01-05,1022,220,10,123.14,0.14
240,2025-04-04,1096,204,3,61.48,0.16
241,2025-04-20,1040,204,10,120.97,0.21
242,2024-05-30,1004,210,10,64.78,0.04
243,2025-01-31,1087,213,7,92.06,0.04
244,2024-05-30,1092,207,2,129.88,0.18
245,2024-06-10,1076,208,2,42.54,0.03
246,2025-01-08,1090,210,10,53.87,0.22
247,2024-09-27,1016,219,1,122.56,0.28
248,2025-04-05,1045,218,7,63.93,0.06
249,2024-08-09,1085,212,2,45.35,0.28
250,2025-02-20,1065,211,1,29.1,0.01
251,2025-04-23,1054,216,2,89.02,0.25
252,2024-09-07,1056,212,8,51.65,0.24
253,2025-03-14,1091,205,7,30.83,0.06
254,2025-01-16,1023,217,5,48.85,0.19
255,2024-09-15,1079,218,8,163.68,0.09
256,2024-10-09,1060,214,10,114.2,0.2
257,2024-09-03,1035,211,4,134.36,0.21
258,2024-08-28,1012,209,8,42.4,0.19
259,2024-10-21,1032,215,10,44.32,0.13
260,2024-08-18,1079,213,6,141.86,0.11
261,2025-01-18,1004,216,6,76.63,0.16
262,2024-07-13,1024,216,4,22.82,0.07
263,2024-09-23,1046,209,6,19.71,0.13
264,2024-06-02,1036,220,5,52.11,0.22
265,2024-12-14,1072,201,9,18.22,0.05
266,2024-07-10,1025,203,4,52.33,0.15
267,2025-03-08,1093,214,8,147.4,0.17
268,2024-08-02,1072,208,8,20.66,0.23
269,2024-09-02,1083,216,8,148.68,0.23
270,2024-08-24,1003,203,5,45.96,0.06
271,2024-07-25,1029,213,4,17.01,0.15
272,2024-07-06,1040,219,6,158.69,0.03
273,2025-04-07,1061,218,9,63.6,0.11
274,2024-12-07,1045,214,9,50.61,0.18
275,2024-07-13,1043,212,8,79.48,0.16
276,2024-07-20,1035,210,5,136.64,0.12
277,2024-08-15,1030,204,4,91.81,0.0
278,2024-08-26,1041,204,9,146.76,0.17
279,2025-05-02,1098,206,4,145.3,0.18
280,2024-09-09,1028,216,5,146.84,0.29
281,2024-06-26,1093,219,9,121.97,0.07
282,2025-05-03,1077,210,2,100.8,0.09
283,2024-11-03,1025,210,4,46.69,0.27
284,2024-05-06,1047,206,5,77.66,0.03
285,2024-06-25,1002,218,3,86.07,0.22
286,2024-09-08,1036,202,1,59.22,0.03
287,2024-05-13,1071,210,3,123.73,0.24
288,2024-09-04,1082,216,2,22.56,0.2
289,2025-04-05,1002,219,5,110.33,0.11
290,2025-01-27,1061,216,8,49.49,0.02
291,2024-11-25,1044,206,1,43.49,0.25
292,2025-04-25,1033,216,2,36.12,0.04
293,2024-06-13,1009,213,8,38.7,0.05
294,2025-02-13,1010,219,1,20.83,0.25
295,2025-02-24,1020,205,10,78.0,0.09
296,2024-10-01,1039,203,4,53.8,0.18
297,2025-04-07,1016,218,7,120.75,0.22
298,2024-12-17,1078,220,10,55.74,0.24
299,2025-01-29,1029,217,7,16.19,0.03
300,2024-10-25,1058,215,5,109.2,0.26
301,2024-12-06,1076,214,5,44.86,0.14
302,2024-10-21,1073,220,1,80.58,0.28
303,2024-10-05,1079,204,4,142.5,0.01
304,2024-08-12,1081,207,5,70.77,0.07
305,2024-12-21,1085,203,3,49.96,0.05
306,2025-04-06,1031,206,9,53.46,0.09
307,2024-12-14,1010,206,1,27.87,0.08
308,2025-03-06,1053,215,10,28.89,0.06
309,2024-07-13,1061,210,1,62.95,0.29
310,2025-03-02,1030,210,5,79.55,0.17
311,2024-11-07,1090,215,2,54.09,0.16
312,2025-03-13,1088,208,5,73.71,0.09
313,2024-11-14,1081,219,4,53.6,0.12
314,2024-11-28,1055,204,9,138.07,0.24
315,2024-06-17,1029,205,5,14.29,0.14
316,2024-12-16,1019,203,1,138.88,0.11
317,2024-10-09,1022,210,10,152.8,0.18
318,2024-05-28,1096,219,5,54.1,0.21
319,2024-11-28,1057,204,8,103.57,0.16
320,2024-10-12,1089,210,7,82.86,0.15
321,2024-12-27,1035,217,9,155.17,0.03
322,2025-01-24,1064,215,2,77.67,0.02
323,2024-07-26,1077,202,7,117.46,0.08
324,2025-01-23,1095,211,10,70.01,0.16
325,2024-10-07,1033,201,2,34.52,0.29
326,2025-04-24,1030,219,10,94.47,0.26
327,2024-09-30,1003,209,10,53.05,0.17
328,2024-12-08,1006,206,8,41.45,0.06
329,2024-12-20,1067,215,5,56.51,0.18
330,2024-05-09,1024,219,7,26.62,0.17
331,2025-03-23,1082,216,2,34.79,0.17
332,2024-10-08,1061,212,7,69.16,0.24
333,2025-03-23,1043,211,2,98.12,0.18
334,2024-10-03,1021,211,7,137.63,0.29
335,2025-01-29,1089,216,5,101.56,0.04
336,2025-03-25,1085,213,9,45.98,0.1
337,2025-01-10,1005,215,2,106.43,0.19
338,2024-06-26,1041,209,6,156.05,0.25
339,2024-12-03,1015,213,9,79.47,0.26
340,2024-08-13,1001,218,8,19.89,0.21
341,2024-11-11,1053,202,4,40.03,0.19
342,2024-10-14,1067,212,10,51.9,0.25
343,2024-06-14,1097,216,8,102.02,0.01
344,2025-04-16,1098,202,4,152.58,0.1
345,2024-11-25,1035,218,3,155.73,0.11
346,2024-05-28,1037,215,8,96.53,0.07
347,2024-07-16,1016,201,10,157.6,0.23
348,2025-01-03,1031,206,5,56.13,0.17
349,2025-01-09,1071,201,9,127.04,0.14
350,2025-01-11,1053,203,4,28.28,0.15
351,2024-09-27,1015,215,2,97.75,0.22
352,2025-03-02,1083,205,8,148.14,0.12
353,2024-07-13,1092,210,9,113.67,0.19
354,2024-07-20,1091,209,7,25.64,0.04
355,2024-12-02,1062,216,4,115.78,0.21
356,2025-02-12,1059,218,3,49.54,0.25
357,2024-05-20,1050,207,10,51.59,0.24
358,2024-11-20,1066,205,2,123.4,0.02
359,2024-12-17,1036,214,6,54.09,0.15
360,2024-08-04,1065,209,1,29.08,0.03
361,2024-08-17,1037,210,10,67.92,0.08
362,2024-09-07,1075,216,3,87.58,0.22
363,2024-08-20,1058,218,8,100.19,0.19
364,2025-01-04,1045,211,9,51.54,0.17
365,2025-03-13,1098,218,7,153.05,0.12
366,2024-09-21,1059,211,4,51.47,0.13
367,2025-03-07,1090,208,10,42.82,0.29
368,2025-03-07,1050,208,7,43.12,0.03
369,2024-11-07,1006,211,8,53.19,0.02
370,2024-09-16,1091,213,7,30.99,0.13
371,2024-05-20,1085,205,8,57.81,0.22
372,2024-06-15,1005,205,9,140.02,0.28
373,2024-10-07,1076,211,2,35.39,0.29
374,2024-09-05,1057,204,9,84.2,0.15
375,2025-01-08,1059,201,3,40.46,0.16
376,2025-04-12,1053,205,2,27.96,0.25
377,2024-09-03,1061,209,6,72.95,0.29
378,2024-08-13,1080,213,2,27.04,0.19
379,2025-04-21,1043,218,7,78.4,0.1
380,2024-05-09,1041,216,9,130.06,0.12
381,2024-07-05,1005,220,2,146.09,0.18
382,2025-01-25,1031,210,4,67.63,0.02
383,2024-07-04,1096,203,7,47.83,0.0
384,2025-03-15,1013,204,8,166.49,0.0
385,2024-11-01,1022,210,1,106.26,0.09
386,2025-02-26,1006,211,1,54.02,0.29
387,2024-08-14,1038,212,6,121.12,0.21
388,2024-06-19,1056,205,4,46.55,0.03
389,2024-11-21,1068,214,10,47.44,0.23
390,2024-06-14,1088,206,3,92.79,0.23
391,2025-03-23,1023,203,10,62.06,0.19
392,2024-05-07,1049,220,4,26.14,0.27
393,2024-07-14,1064,219,3,90.4,0.21
394,2024-08-25,1030,215,5,63.59,0.2
395,2024-07-02,1059,209,1,35.5,0.18
396,2024-11-30,1060,210,9,135.94,0.17
397,2024-06-14,1021,203,8,118.32,0.09
398,2024-07-24,1045,219,5,42.21,0.22
399,2025-02-12,1082,214,5,24.96,0.03
400,2025-03-25,1059,210,4,43.8,0.24
401,2025-03-18,1050,216,2,56.88,0.02
402,2024-05-26,1031,213,10,67.48,0.16
403,2024-06-18,1046,219,5,20.66,0.2
404,2025-01-08,1090,210,1,43.06,0.17
405,2024-06-05,1085,213,5,47.71,0.27
406,2025-01-12,1002,219,1,98.98,0.13
407,2024-05-20,1078,216,5,61.98,0.17
408,2024-12-18,1100,208,10,133.34,0.16
409,2025-03-25,1046,208,4,20.82,0.22
410,2024-06-27,1080,209,3,32.77,0.13
411,2025-02-06,1081,204,1,69.75,0.13
412,2025-02-21,1040,215,1,138.72,0.3
413,2024-10-11,1075,212,3,74.89,0.06
414,2024-11-02,1012,210,6,33.55,0.28
415,2025-01-26,1096,214,3,47.6,0.0
416,2024-09-21,1026,205,9,55.07,0.03
417,2024-08-05,1047,217,9,73.05,0.14
418,2024-06-03,1035,206,5,142.91,0.08
419,2024-08-16,1062,210,6,92.26,0.03
420,2024-11-07,1015,215,2,89.49,0.16
421,2025-03-05,1019,208,7,145.67,0.0
422,2025-03-08,1072,212,2,16.4,0.09
423,2024-11-25,1051,201,5,155.68,0.21
424,2024-05-31,1069,204,8,20.67,0.08
425,2024-10-28,1048,209,10,95.96,0.01
426,2025-01-18,1049,212,2,17.21,0.12
427,2024-11-03,1087,208,8,99.18,0.29
428,2025-03-18,1004,220,9,92.5,0.08
429,2024-07-11,1042,220,4,49.38,0.29
430,2025-02-28,1083,203,8,160.24,0.18
431,2024-10-01,1090,210,7,55.04,0.3
432,2024-05-28,1015,205,1,108.58,0.02
433,2024-07-31,1005,210,8,126.62,0.25
434,2025-04-20,1015,204,4,84.53,0.25
435,2025-03-19,1069,205,7,16.19,0.01
436,2024-05-19,1059,212,9,42.97,0.01
437,2024-05-28,1054,219,3,95.67,0.25
438,2025-03-23,1054,204,8,89.75,0.19
439,2024-10-25,1079,214,5,118.02,0.16
440,2025-03-28,1005,212,4,139.18,0.16
441,2025-03-22,1057,215,4,90.38,0.15
442,2024-09-02,1047,204,6,93.65,0.3
443,2025-03-07,1070,212,1,109.19,0.14
444,2025-02-23,1051,209,4,140.92,0.22
445,2025-03-03,1016,215,2,99.43,0.27
446,2024-08-26,1085,207,10,56.53,0.14
447,2025-02-28,1003,202,6,52.6,0.08
448,2024-07-12,1032,205,10,43.0,0.01
449,2024-09-10,1027,203,9,141.86,0.01
450,2024-12-06,1027,219,4,111.24,0.28
451,2024-07-18,1030,211,3,90.37,0.08
452,2024-07-25,1077,201,5,92.16,0.0
453,2024-10-15,1019,205,9,143.35,0.01
454,2025-04-03,1033,206,2,30.62,0.29
455,2024-08-25,1085,201,3,39.08,0.27
456,2024-10-13,1002,212,4,120.7,0.02
457,2025-03-16,1076,211,1,44.14,0.15
458,2025-03-15,1023,209,1,66.99,0.17
459,2025-02-11,1017,214,9,128.72,0.16
460,2025-03-31,1015,203,8,114.26,0.22
461,2025-02-22,1058,212,9,115.07,0.26
462,2024-11-22,1076,204,8,32.67,0.05
463,2024-05-28,1065,208,10,21.98,0.1
464,2024-11-16,1006,217,5,41.1,0.28
465,2024-07-07,1059,201,1,36.85,0.21
466,2024-08-01,1062,213,7,82.46,0.26
467,2024-07-18,1088,204,8,106.32,0.14
468,2024-10-13,1092,215,2,155.67,0.0
469,2024-10-22,1011,211,10,60.4,0.07
470,2024-10-23,1019,203,3,156.82,0.0
471,2024-08-05,1036,220,10,58.22,0.23
472,2024-11-06,1071,211,7,90.93,0.06
473,2025-04-05,1077,217,5,83.65,0.1
474,2025-01-10,1059,217,10,46.83,0.03
475,2024-08-03,1056,204,2,43.34,0.0
476,2024-08-07,1084,218,4,148.84,0.04
477,2025-01-29,1056,215,4,41.26,0.01
478,2024-12-08,1053,211,8,32.32,0.25
479,2025-03-27,1052,214,2,43.38,0.05
480,2024-05-09,1041,214,6,157.26,0.24
481,2024-12-01,1086,209,6,84.78,0.23
482,2024-05-27,1020,216,2,103.21,0.05
483,2025-04-21,1012,203,2,40.19,0.21
484,2024-11-12,1056,204,6,45.49,0.02
485,2024-05-20,1017,218,1,94.87,0.26
486,2025-05-03,1076,218,9,46.06,0.2
487,2024-12-31,1043,204,7,77.32,0.19
488,2025-04-14,1046,214,1,20.19,0.12
489,2024-07-02,1037,220,5,64.96,0.25
490,2024-10-21,1046,204,10,18.12,0.25
491,2025-01-21,1065,207,3,23.15,0.0
492,2025-02-22,1085,216,4,40.23,0.14
493,2024-08-06,1014,212,9,145.69,0.03
494,2024-09-15,1048,204,5,93.79,0.16
495,2025-04-14,1074,208,7,50.98,0.09
496,2025-01-08,1072,220,10,19.39,0.23
497,2025-01-13,1087,218,1,105.36,0.04
498,2024-06-23,1078,209,1,76.52,0.29
499,2025-01-22,1024,209,5,22.33,0.22
500,2025-03-17,1044,212,1,64.4,0.26
501,2024-06-08,1024,205,10,35.33,0.23
502,2025-04-07,1085,213,2,46.81,0.09
503,2025-03-14,1019,201,2,119.64,0.22
504,2025-03-23,1096,217,4,67.2,0.06
505,2024-12-04,1049,214,8,24.98,0.21
506,2024-12-19,1044,206,6,55.39,0.14
507,2024-10-14,1040,211,10,144.27,0.05
508,2025-03-11,1077,203,1,89.69,0.03
509,2024-07-21,1020,206,10,70.69,0.14
510,2025-01-03,1007,203,5,69.05,0.01
511,2024-12-03,1057,214,8,116.86,0.09
512,2024-05-14,1078,215,7,77.89,0.29
513,2024-12-21,1035,207,9,116.66,0.14
514,2025-03-08,1015,212,7,73.77,0.18
515,2024-06-20,1015,210,10,102.2,0.07
516,2025-02-08,1063,217,5,99.92,0.07
517,2024-09-15,1006,208,7,39.34,0.2
518,2024-12-02,1077,202,1,95.87,0.18
519,2024-11-08,1027,210,4,117.34,0.3
520,2025-02-16,1099,205,5,108.23,0.14
521,2024-05-30,1038,211,2,115.5,0.12
522,2025-01-05,1001,216,7,22.87,0.22
523,2025-02-05,1023,205,7,60.24,0.23
524,2025-03-10,1069,208,9,24.15,0.27
525,2024-05-23,1072,212,2,18.46,0.22
526,2024-08-30,1051,202,7,110.28,0.03
527,2024-07-15,1003,215,2,57.42,0.01
528,2024-05-16,1041,219,7,138.91,0.06
529,2025-04-06,1074,213,7,40.78,0.23
530,2025-03-03,1038,204,7,128.87,0.02
531,2025-04-22,1003,211,3,56.44,0.26
532,2025-02-28,1080,215,6,25.91,0.25
533,2024-09-07,1012,214,2,33.1,0.1
534,2024-09-27,1032,214,10,53.51,0.06
535,2024-05-15,1052,217,2,50.03,0.25
536,2024-08-19,1051,210,6,103.56,0.2
537,2024-10-01,1029,211,3,18.77,0.04
538,2024-07-09,1010,217,2,29.24,0.18
539,2024-11-08,1068,217,4,41.03,0.18
540,2025-04-23,1100,212,6,104.98,0.28
541,2025-03-17,1094,205,4,118.1,0.19
542,2025-03-14,1014,205,5,136.37,0.18
543,2024-12-11,1026,206,10,69.71,0.2
544,2025-03-27,1020,203,3,87.05,0.18
545,2025-03-20,1099,216,8,148.12,0.14
546,2025-01-30,1097,219,10,85.02,0.05
547,2024-07-29,1058,219,10,110.52,0.22
548,2024-12-10,1042,211,3,49.49,0.2
549,2024-11-09,1057,203,8,101.19,0.18
550,2024-08-16,1057,210,5,93.77,0.14
551,2025-04-29,1076,202,6,41.64,0.26
552,2025-03-19,1065,203,5,25.45,0.01
553,2025-03-01,1060,215,1,91.64,0.01
554,2024-09-19,1008,212,5,121.47,0.1
555,2024-09-10,1010,203,10,25.05,0.15
556,2024-11-06,1077,217,7,83.52,0.12
557,2025-01-30,1060,219,9,94.76,0.13
558,2025-03-09,1095,202,8,50.33,0.25
559,2025-02-14,1074,207,6,37.12,0.29
560,2025-02-08,1078,216,9,62.34,0.25
561,2024-06-12,1020,202,8,90.16,0.22
562,2024-05-25,1014,211,2,135.46,0.15
563,2024-06-11,1065,206,1,26.84,0.15
564,2025-02-10,1032,215,8,45.33,0.01
565,2025-03-31,1068,217,10,36.89,0.18
566,2025-04-14,1021,212,6,125.53,0.24
567,2024-08-07,1037,213,7,88.35,0.3
568,2024-08-20,1100,211,10,104.14,0.11
569,2024-05-26,1007,211,2,64.23,0.14
570,2024-06-09,1043,204,9,92.26,0.07
571,2025-03-15,1087,213,5,137.29,0.12
572,2025-02-22,1033,220,3,31.63,0.19
573,2024-06-07,1043,203,10,74.51,0.15
574,2024-09-14,1085,205,6,46.13,0.02
575,2024-10-25,1040,213,3,137.03,0.03
576,2025-01-14,1077,203,5,99.86,0.18
577,2025-03-20,1072,213,6,17.3,0.2
578,2024-07-11,1017,217,2,96.05,0.2
579,2024-08-31,1083,214,9,122.91,0.12
580,2025-02-24,1047,201,6,110.3,0.0
581,2024-07-02,1040,206,4,147.35,0.18
582,2024-12-02,1044,216,4,51.08,0.07
583,2024-07-13,1029,205,3,13.44,0.27
584,2024-07-22,1010,210,2,23.86,0.1
585,2024-11-07,1065,218,9,25.64,0.2
586,2024-11-30,1005,211,10,110.2,0.13
587,2025-01-30,1017,220,7,124.44,0.28
588,2024-06-07,1020,206,3,74.74,0.11
589,2024-11-13,1089,220,3,78.75,0.18
590,2024-08-21,1093,215,1,122.88,0.16
591,2024-12-08,1053,212,4,37.95,0.21
592,2025-04-04,1057,220,5,99.56,0.26
593,2024-05-18,1097,215,4,112.31,0.16
594,2024-11-28,1069,208,5,15.36,0.3
595,2024-07-17,1061,207,6,51.12,0.07
596,2024-06-07,1087,219,8,94.93,0.19
597,2025-04-06,1060,210,7,94.98,0.05
598,2024-07-06,1065,217,7,21.07,0.03
599,2024-12-16,1021,207,10,124.77,0.21
600,2024-06-17,1018,209,1,36.92,0.14
601,2024-10-23,1083,216,6,147.3,0.01
602,2024-06-05,1071,204,9,94.13,0.29
603,2024-12-20,1016,210,2,133.18,0.08
604,2024-12-20,1098,206,5,132.95,0.1
605,2025-02-07,1058,217,3,115.67,0.04
606,2024-11-16,1056,203,4,37.91,0.04
607,2025-03-30,1058,212,1,138.08,0.22
608,2025-02-13,1054,202,7,65.6,0.06
609,2024-11-26,1065,212,4,29.22,0.05
610,2025-04-02,1050,203,6,44.35,0.29
611,2024-09-13,1029,201,6,13.59,0.2
612,2024-12-31,1013,211,3,167.2,0.11
613,2024-09-16,1018,202,5,29.8,0.07
614,2025-03-28,1061,205,8,72.48,0.26
615,2024-11-15,1058,220,1,128.66,0.03
616,2024-07-19,1011,201,5,59.78,0.28
617,2024-11-29,1028,205,9,132.99,0.28
618,2024-11-25,1094,220,9,112.45,0.2
619,2025-04-01,1055,204,5,148.46,0.1
620,2024-06-16,1031,210,2,57.63,0.18
621,2024-12-23,1007,208,7,62.07,0.26
622,2024-10-18,1082,220,8,36.28,0.23
623,2025-04-11,1009,204,8,35.59,0.09
624,2025-04-07,1077,218,1,84.91,0.2
625,2025-03-08,1081,217,10,66.57,0.28
626,2024-11-10,1031,205,5,66.92,0.27
627,2025-01-11,1055,201,10,169.24,0.1
628,2024-12-02,1046,208,10,22.75,0.11
629,2024-09-09,1054,206,2,70.69,0.19
630,2024-12-19,1068,212,2,35.63,0.19
631,2025-03-10,1068,218,9,40.91,0.17
632,2024-05-25,1065,218,1,24.77,0.16
633,2024-10-15,1050,216,1,53.24,0.16
634,2024-11-21,1082,213,6,28.52,0.0
635,2024-09-27,1033,201,6,31.41,0.05
636,2024-07-25,1009,212,4,47.41,0.23
637,2024-08-20,1094,204,10,97.14,0.16
638,2025-03-23,1095,211,3,71.54,0.25
639,2024-12-07,1006,212,9,56.44,0.24
640,2024-11-02,1044,206,8,43.62,0.04
641,2024-09-25,1090,216,3,46.66,0.07
642,2025-04-20,1018,203,8,38.41,0.12
643,2024-12-02,1005,210,4,136.11,0.22
644,2024-11-27,1006,207,1,51.93,0.16
645,2024-05-22,1041,210,9,161.9,0.13
646,2024-11-24,1051,218,8,158.5,0.02
647,2024-09-25,1033,202,4,36.76,0.2
648,2025-01-13,1037,212,1,77.44,0.06
649,2024-06-27,1084,211,5,127.7,0.06
650,2024-12-01,1016,212,7,107.57,0.19
651,2025-03-17,1052,215,7,46.27,0.2
652,2024-07-16,1044,206,8,64.92,0.16
653,2024-10-23,1089,216,6,86.89,0.03
654,2025-03-25,1067,209,2,62.28,0.12
655,2024-11-15,1094,214,2,119.47,0.25
656,2024-08-13,1056,220,3,46.58,0.04
657,2025-04-15,1070,210,6,107.51,0.24
658,2024-06-15,1014,203,6,101.69,0.09
659,2024-10-19,1085,210,5,54.98,0.06
660,2024-10-26,1058,220,7,136.87,0.13
661,2024-10-03,1022,215,6,105.24,0.24
662,2025-04-07,1058,202,6,106.94,0.16
663,2024-05-13,1079,214,5,111.15,0.0
664,2024-10-13,1082,202,2,31.26,0.15
665,2025-03-10,1086,213,6,105.17,0.24
666,2025-02-27,1066,206,1,132.25,0.05
667,2024-09-26,1019,220,8,122.18,0.27
668,2024-12-06,1005,205,2,150.26,0.17
669,2024-08-29,1031,212,6,60.84,0.09
670,2024-07-29,1050,219,1,56.56,0.26
671,2024-07-14,1078,205,8,70.35,0.24
672,2025-01-08,1048,212,8,90.41,0.04
673,2025-04-09,1098,203,10,126.74,0.05
674,2024-10-06,1018,217,6,33.88,0.26
675,2025-04-23,1051,211,5,131.28,0.16
676,2025-02-04,1032,204,1,36.74,0.09
677,2024-10-19,1095,206,8,51.09,0.06
678,2025-02-26,1067,213,9,60.12,0.08
679,2024-09-27,1016,209,5,136.4,0.02
680,2025-03-27,1091,215,4,22.04,0.08
681,2024-07-07,1079,210,8,143.16,0.2
682,2025-02-06,1026,204,3,68.3,0.13
683,2024-07-08,1010,215,3,27.21,0.0
684,2024-12-02,1092,215,2,121.49,0.25
685,2024-08-22,1088,211,6,91.29,0.1
686,2025-01-17,1091,203,9,31.87,0.23
687,2024-11-15,1070,210,5,81.21,0.19
688,2024-06-13,1021,206,6,125.41,0.12
689,2024-09-06,1066,208,2,115.58,0.1
690,2024-05-09,1026,205,4,74.21,0.13
691,2025-04-26,1064,201,6,97.94,0.2
692,2024-08-31,1071,219,6,81.55,0.19
693,2025-01-07,1060,218,3,97.43,0.18
694,2025-02-13,1079,203,2,148.64,0.07
695,2024-11-29,1040,213,8,138.37,0.06
696,2025-03-03,1068,214,7,30.45,0.11
697,2024-10-11,1074,203,3,41.14,0.3
698,2024-09-04,1041,203,8,136.47,0.1
699,2024-07-05,1060,217,6,113.79,0.03
700,2025-03-17,1017,218,10,145.98,0.19
701,2024-10-09,1024,205,7,32.4,0.05
702,2024-08-02,1065,202,2,25.14,0.13
703,2024-06-01,1067,205,5,65.12,0.0
704,2025-01-02,1022,206,6,118.81,0.29
705,2024-12-14,1091,208,6,26.33,0.11
706,2025-03-25,1067,210,2,46.02,0.29
707,2024-05-13,1033,207,9,23.16,0.22
708,2024-10-22,1036,205,5,64.03,0.07
709,2024-10-07,1079,218,2,148.08,0.03
710,2024-09-11,1065,206,10,23.21,0.24
711,2025-03-21,1075,205,3,116.08,0.18
712,2024-07-01,1085,220,10,48.31,0.05
713,2025-03-18,1044,219,1,42.43,0.04
714,2025-01-18,1004,203,1,70.22,0.1
715,2025-01-15,1083,219,5,127.4,0.1
716,2024-09-14,1084,207,10,112.74,0.15
717,2024-12-16,1054,220,1,90.68,0.08
718,2024-10-25,1064,218,5,102.45,0.26
719,2024-06-25,1083,210,8,113.1,0.24
720,2024-11-25,1032,213,5,45.05,0.17
721,2024-10-21,1059,203,1,43.12,0.15
722,2024-12-13,1021,215,7,113.92,0.16
723,2024-10-01,1062,215,4,103.01,0.2
724,2025-01-10,1044,220,3,54.61,0.22
725,2025-03-30,1041,211,6,115.84,0.06
726,2025-01-18,1052,205,6,52.8,0.1
727,2024-10-08,1066,218,2,95.06,0.05
728,2024-10-30,1041,208,8,121.41,0.29
729,2024-06-04,1016,209,8,132.74,0.28
730,2024-12-06,1032,205,2,45.06,0.14
731,2025-03-03,1007,210,7,61.93,0.18
732,2024-05-28,1079,214,4,112.93,0.27
733,2024-08-30,1021,211,10,138.93,0.1
734,2024-07-18,1093,211,4,160.86,0.25
735,2025-01-30,1098,206,8,142.14,0.04
736,2024-11-16,1066,215,8,122.21,0.15
737,2024-08-11,1040,216,1,123.07,0.02
738,2024-07-08,1012,213,9,40.29,0.04
739,2024-09-27,1059,208,4,47.59,0.28
740,2024-11-19,1075,212,1,116.62,0.08
741,2024-05-27,1007,210,8,79.59,0.0
742,2024-09-15,1077,216,5,80.29,0.18
743,2024-12-03,1069,201,2,18.53,0.12
744,2024-08-15,1056,205,5,47.51,0.06
745,2024-11-02,1094,212,7,83.61,0.15
746,2025-01-17,1047,202,7,105.59,0.19
747,2024-11-11,1007,219,9,61.39,0.13
748,2024-09-03,1025,212,9,37.21,0.02
749,2025-02-21,1037,203,7,93.42,0.08
750,2024-07-22,1065,215,9,22.2,0.21
751,2025-04-30,1036,220,10,59.91,0.19
752,2024-05-15,1016,205,2,111.44,0.07
753,2024-11-05,1051,212,6,115.09,0.05
754,2024-07-22,1072,212,3,17.91,0.25
755,2025-01-04,1026,220,9,77.84,0.24
756,2024-10-12,1052,217,1,43.66,0.2
757,2024-11-27,1006,202,3,43.73,0.16
758,2025-03-18,1092,211,8,130.42,0.05
759,2025-01-12,1067,215,3,53.29,0.29
760,2024-05-31,1078,217,3,57.09,0.04
761,2024-09-02,1042,220,6,45.5,0.24
762,2025-04-17,1021,213,10,124.63,0.2
763,2024-06-18,1095,210,10,49.94,0.19
764,2024-05-13,1044,217,9,49.18,0.25
765,2024-06-05,1069,216,10,21.06,0.06
766,2024-08-10,1039,216,1,48.94,0.01
767,2025-03-30,1048,211,2,75.13,0.08
768,2025-01-16,1054,219,5,83.9,0.15
769,2024-11-09,1093,201,10,117.1,0.04
770,2025-01-20,1061,209,10,51.25,0.26
771,2025-01-26,1074,208,1,38.6,0.2
772,2024-10-04,1075,216,3,113.51,0.18
773,2024-06-28,1068,220,7,45.59,0.12
774,2024-10-04,1019,208,1,159.83,0.04
775,2025-04-26,1074,204,4,35.59,0.2
776,2024-12-12,1003,215,6,67.39,0.24
777,2024-05-19,1054,205,7,62.35,0.08
778,2025-01-20,1089,207,7,100.99,0.08
779,2025-05-04,1065,220,8,29.86,0.25
780,2024-09-22,1095,202,3,58.61,0.12
781,2025-04-13,1067,207,9,55.0,0.07
782,2024-11-19,1042,216,9,56.26,0.14
783,2024-11-14,1049,211,3,25.13,0.03
784,2025-05-06,1059,218,6,56.24,0.13
785,2024-09-12,1070,212,5,71.61,0.01
786,2024-12-27,1079,216,4,153.0,0.2
787,2024-09-05,1032,209,9,49.83,0.03
788,2025-04-15,1039,208,5,48.07,0.15
789,2025-01-17,1099,210,4,123.2,0.14
790,2025-02-14,1089,216,6,103.47,0.29
791,2025-02-18,1062,212,9,117.74,0.24
792,2024-09-26,1093,209,5,122.76,0.12
793,2024-09-12,1016,219,9,131.29,0.25
794,2025-01-23,1049,213,6,16.8,0.13
795,2024-07-18,1099,205,5,104.02,0.15
796,2024-09-28,1006,210,2,56.1,0.23
797,2024-11-28,1045,215,5,44.89,0.29
798,2025-03-13,1096,216,4,64.93,0.0
799,2024-07-14,1026,218,5,61.94,0.08
800,2024-08-30,1072,209,3,13.2,0.29
801,2024-05-07,1014,220,10,118.7,0.27
802,2025-05-04,1031,208,1,63.06,0.04
803,2025-01-18,1086,217,4,99.38,0.03
804,2024-08-01,1082,208,1,29.11,0.28
805,2024-10-30,1013,214,6,137.18,0.18
806,2024-07-18,1092,216,2,109.78,0.01
807,2024-06-02,1088,205,1,70.62,0.18
808,2024-05-26,1071,206,7,82.8,0.11
809,2024-06-14,1084,216,8,132.11,0.12
810,2025-01-14,1084,207,5,108.05,0.08
811,2024-10-29,1042,210,1,57.15,0.2
812,2024-11-05,1099,203,10,130.02,0.0
813,2025-04-22,1030,218,1,100.45,0.2
814,2024-10-03,1023,214,3,51.05,0.26
815,2024-09-08,1005,213,8,117.43,0.16
816,2024-11-19,1024,210,1,30.75,0.07
817,2024-07-13,1002,210,10,120.09,0.22
818,2025-04-16,1078,204,6,66.79,0.05
819,2024-06-05,1037,215,9,64.5,0.1
820,2024-12-30,1068,216,3,43.59,0.08
821,2024-10-28,1065,215,5,26.79,0.22
822,2025-01-02,1025,204,6,35.87,0.21
823,2024-05-14,1021,215,5,96.25,0.29
824,2024-12-23,1092,206,1,130.85,0.05
825,2024-06-16,1095,211,5,54.27,0.12
826,2024-11-03,1073,207,3,91.47,0.22
827,2025-04-19,1079,213,7,144.14,0.03
828,2025-05-06,1066,211,2,102.74,0.03
829,2025-04-24,1052,204,3,47.47,0.26
830,2024-07-27,1018,216,6,37.6,0.05
831,2024-09-11,1032,201,5,44.7,0.24
832,2024-09-10,1050,208,8,56.8,0.26
833,2024-05-25,1097,209,6,97.53,0.06
834,2024-08-22,1039,219,10,73.32,0.2
835,2025-03-11,1002,209,6,88.65,0.22
836,2025-01-15,1089,208,1,96.34,0.18
837,2024-08-05,1086,204,8,109.76,0.11
838,2024-11-15,1040,206,7,143.96,0.16
839,2024-11-07,1088,217,5,101.57,0.25
840,2024-05-20,1089,204,5,97.05,0.0
841,2024-05-14,1048,220,4,89.75,0.23
842,2024-12-05,1029,205,8,16.74,0.23
843,2024-05-16,1020,215,10,98.9,0.14
844,2024-06-12,1048,214,9,80.18,0.04
845,2025-02-01,1061,218,4,59.04,0.19
846,2024-09-19,1098,208,10,149.38,0.07
847,2024-09-13,1011,217,8,43.17,0.2
848,2024-08-14,1068,212,2,29.5,0.05
849,2024-06-26,1073,204,1,62.84,0.05
850,2025-01-06,1071,217,4,87.09,0.12
851,2025-02-12,1074,218,3,41.97,0.26
852,2024-12-26,1022,211,9,132.08,0.22
853,2024-05-16,1057,204,4,82.68,0.07
854,2024-10-13,1092,219,8,144.48,0.02
855,2024-07-13,1012,217,8,35.31,0.18
856,2024-07-13,1008,215,3,118.68,0.01
857,2024-12-19,1066,214,8,112.9,0.19
858,2024-12-06,1073,202,9,67.55,0.21
859,2024-07-14,1060,210,1,122.54,0.29
860,2025-03-25,1051,209,1,114.39,0.25
861,2024-11-20,1096,207,10,60.66,0.11
862,2025-02-07,1010,202,7,20.07,0.22
863,2025-01-05,1045,203,9,45.09,0.11
864,2024-09-15,1008,203,8,89.21,0.24
865,2024-11-22,1005,210,7,150.04,0.22
866,2024-10-23,1024,205,7,26.06,0.05
867,2025-04-15,1048,213,8,85.42,0.15
868,2024-08-01,1049,213,2,17.92,0.21
869,2024-05-09,1088,218,3,107.57,0.22
870,2024-11-01,1084,212,2,143.94,0.29
871,2024-10-09,1023,218,7,47.97,0.17
872,2025-03-16,1068,205,4,47.84,0.05
873,2025-03-14,1001,201,5,20.4,0.18
874,2025-01-07,1060,218,7,114.11,0.21
875,2025-04-15,1069,213,4,23.93,0.23
876,2024-08-15,1032,215,6,34.17,0.26
877,2024-11-13,1020,209,4,73.64,0.11
878,2024-08-23,1093,204,1,129.57,0.14
879,2024-10-26,1085,214,10,46.65,0.28
880,2025-04-12,1099,201,4,143.22,0.19
881,2024-07-22,1027,203,2,94.9,0.27
882,2024-08-18,1077,202,8,125.35,0.23
883,2025-02-19,1077,202,4,79.75,0.02
884,2025-02-26,1095,202,7,50.95,0.04
885,2025-03-13,1057,208,9,97.22,0.28
886,2024-12-24,1028,202,3,125.12,0.0
887,2024-10-20,1065,210,4,23.53,0.01
888,2024-06-03,1094,219,6,75.38,0.08
889,2025-02-25,1074,220,6,39.28,0.24
890,2025-02-25,1031,210,3,84.79,0.11
891,2025-02-05,1085,217,4,46.5,0.25
892,2024-07-20,1053,210,5,29.67,0.05
893,2024-08-19,1008,218,10,132.38,0.01
894,2024-05-27,1095,206,7,62.13,0.17
895,2024-10-15,1072,216,1,15.42,0.09
896,2024-08-24,1045,213,9,58.46,0.03
897,2024-12-24,1041,214,7,122.3,0.22
898,2024-06-24,1020,210,7,86.86,0.04
899,2024-07-19,1024,218,8,34.18,0.12
900,2025-01-31,1031,208,5,79.89,0.24
901,2025-01-17,1091,205,8,28.25,0.15
902,2025-05-05,1008,218,7,139.28,0.04
903,2024-12-02,1054,218,9,86.89,0.06
904,2025-02-24,1018,213,4,35.81,0.09
905,2024-07-05,1033,207,6,36.65,0.29
906,2024-11-13,1083,203,8,114.48,0.01
907,2024-08-22,1048,203,9,88.61,0.13
908,2024-08-16,1093,207,1,105.81,0.21
909,2024-09-19,1035,213,10,140.54,0.29
910,2024-11-27,1078,202,2,56.42,0.12
911,2024-10-06,1025,219,9,45.15,0.24
912,2024-07-25,1028,216,4,129.82,0.18
913,2024-06-08,1043,210,1,68.89,0.25
914,2025-03-12,1028,207,2,122.46,0.04
915,2024-05-07,1096,216,4,64.84,0.06
916,2025-02-19,1090,220,4,37.12,0.26
917,2024-11-29,1051,208,9,130.46,0.22
918,2024-10-01,1042,210,7,42.57,0.24
919,2024-06-10,1060,218,6,89.01,0.11
920,2025-04-05,1040,209,6,173.93,0.24
921,2024-10-25,1066,216,8,123.35,0.1
922,2024-06-28,1013,216,6,160.22,0.16
923,2024-11-11,1027,212,6,136.38,0.23
924,2024-08-01,1053,202,10,25.63,0.04
925,2024-08-05,1029,205,1,16.6,0.05
926,2024-10-29,1034,218,10,51.65,0.28
927,2024-11-09,1075,214,5,101.57,0.23
928,2025-04-30,1020,207,6,87.26,0.17
929,2024-09-27,1030,213,10,65.26,0.1
930,2024-07-25,1032,216,9,38.92,0.12
931,2024-11-25,1084,211,5,147.57,0.11
932,2025-02-12,1098,216,8,128.5,0.12
933,2024-12-14,1059,206,6,36.58,0.13
934,2025-03-10,1022,205,9,112.13,0.06
935,2024-07-12,1063,206,9,78.13,0.11
936,2024-09-10,1083,202,9,151.97,0.08
937,2025-01-01,1005,203,1,120.89,0.19
938,2025-01-17,1098,201,7,112.25,0.27
939,2024-08-08,1018,208,2,39.22,0.13
940,2024-10-21,1091,205,1,27.39,0.05
941,2025-03-23,1028,217,8,133.78,0.11
942,2025-03-24,1048,202,10,95.46,0.05
943,2024-05-30,1082,220,8,29.4,0.18
944,2024-07-14,1085,216,1,37.31,0.11
945,2025-02-23,1001,218,9,20.69,0.25
946,2024-12-26,1053,201,1,30.39,0.24
947,2024-10-04,1068,209,9,47.62,0.26
948,2025-02-14,1037,201,9,67.03,0.22
949,2024-06-01,1090,214,3,42.06,0.3
950,2025-01-15,1014,204,9,119.11,0.04
951,2025-01-02,1020,208,4,94.11,0.1
952,2024-06-24,1080,217,5,40.24,0.29
953,2024-06-19,1046,209,7,20.77,0.04
954,2024-12-02,1011,212,7,57.04,0.03
955,2025-01-27,1059,219,4,35.17,0.25
956,2024-09-11,1090,208,5,39.61,0.11
957,2025-04-20,1088,203,1,106.83,0.1
958,2024-08-23,1012,213,7,32.05,0.28
959,2024-10-27,1049,218,8,17.23,0.23
960,2024-10-18,1008,201,3,139.75,0.27
961,2024-08-27,1011,216,7,56.15,0.09
962,2024-07-17,1083,211,10,119.14,0.25
963,2024-08-10,1013,217,1,160.73,0.16
964,2024-07-03,1030,207,10,71.14,0.03
965,2024-06-21,1061,209,1,50.04,0.22
966,2024-11-26,1010,209,9,23.6,0.27
967,2025-04-23,1073,202,3,90.74,0.06
968,2025-04-07,1041,201,4,147.79,0.13
969,2024-05-20,1076,205,7,38.64,0.22
970,2025-01-22,1010,210,3,28.18,0.25
971,2024-09-01,1073,208,10,71.67,0.01
972,2024-05-12,1050,218,6,56.74,0.03
973,2024-07-23,1050,205,2,46.32,0.0
974,2025-02-18,1065,212,1,28.59,0.05
975,2025-04-22,1013,214,4,146.0,0.3
976,2025-01-15,1010,211,10,19.48,0.02
977,2024-08-12,1099,220,10,120.23,0.26
978,2025-03-04,1051,211,1,114.75,0.11
979,2024-12-04,1082,209,8,23.2,0.23
980,2024-06-28,1063,208,6,92.88,0.23
981,2024-10-04,1071,213,7,122.97,0.07
982,2024-12-31,1024,219,7,33.14,0.02
983,2024-06-24,1011,220,5,62.39,0.2
984,2024-08-19,1032,203,2,51.34,0.0
985,2025-01-09,1035,205,7,115.57,0.12
986,2025-02-04,1092,205,7,123.93,0.07
987,2025-04-08,1041,212,2,132.09,0.04
988,2025-03-08,1012,201,5,34.04,0.24
989,2025-01-20,1057,212,5,101.18,0.01
990,2024-09-01,1014,205,2,115.41,0.01
991,2024-06-27,1024,214,8,35.35,0.04
992,2024-08-05,1072,218,9,18.33,0.29
993,2025-01-04,1053,204,1,38.67,0.21
994,2024-05-29,1012,212,9,41.36,0.29
995,2024-08-23,1012,220,10,37.62,0.17
996,2024-07-16,1042,213,1,50.29,0.16
997,2024-05-17,1038,214,7,113.17,0.13
998,2025-04-25,1100,203,9,100.47,0.04
999,2025-03-19,1032,219,9,34.42,0.08
1000,2024-05-17,1022,213,3,102.64,0.17
1001,2024-09-19,1018,209,5,34.79,0.25
1002,2024-09-02,1035,216,3,109.28,0.07
1003,2024-05-06,1009,206,7,49.29,0.18
1004,2024-09-26,1036,214,5,44.76,0.26
1005,2025-01-12,1062,203,6,114.69,0.1
1006,2024-05-09,1033,208,8,27.82,0.3
1007,2025-02-19,1077,220,4,111.04,0.16
1008,2025-04-21,1059,204,3,52.95,0.09
1009,2025-05-02,1039,201,7,59.84,0.08
1010,2024-12-21,1043,220,7,90.47,0.17
1011,2024-07-29,1043,215,6,85.47,0.08
1012,2024-08-25,1056,220,3,39.86,0.15
1013,2025-01-20,1039,211,10,69.06,0.16
1014,2025-03-29,1089,207,8,64.75,0.26
1015,2024-05-22,1041,206,7,110.66,0.29
1016,2024-05-06,1041,210,8,107.98,0.21
1017,2024-09-18,1074,208,6,35.17,0.27
1018,2024-06-18,1049,209,7,20.85,0.04
1019,2024-05-07,1047,204,10,86.82,0.05
1020,2024-06-13,1026,219,9,59.07,0.28
1021,2024-12-07,1024,218,1,28.09,0.24
1022,2025-01-05,1094,215,4,103.67,0.2
1023,2024-12-25,1057,210,2,84.04,0.07
1024,2025-04-14,1053,216,3,38.03,0.29
1025,2025-05-06,1082,210,4,25.95,0.08
1026,2024-06-18,1033,205,7,29.75,0.3
1027,2024-12-04,1049,203,8,18.85,0.12
1028,2024-09-01,1077,216,10,124.44,0.0
1029,2025-03-27,1052,218,9,35.59,0.18
1030,2024-11-21,1089,214,9,100.07,0.07
1031,2024-11-18,1005,212,9,130.99,0.14
1032,2024-05-19,1077,203,2,103.3,0.19
1033,2025-02-19,1099,208,6,128.37,0.13
1034,2024-09-20,1022,220,1,129.81,0.18
1035,2025-03-01,1073,213,6,82.78,0.26
1036,2024-08-13,1056,204,1,36.06,0.25
1037,2024-05-07,1013,209,4,158.37,0.09
1038,2024-12-15,1066,217,9,121.3,0.13
1039,2024-06-25,1075,219,4,85.29,0.12
1040,2025-05-02,1058,212,7,88.85,0.08
1041,2024-05-09,1060,219,9,126.28,0.09
1042,2024-08-23,1020,212,1,97.92,0.16
1043,2024-10-06,1062,204,5,114.81,0.17
1044,2024-07-18,1054,203,2,60.58,0.2
1045,2024-07-03,1094,205,6,75.78,0.14
1046,2024-12-09,1040,211,8,170.61,0.05
1047,2024-09-06,1027,217,8,114.8,0.22
1048,2024-12-25,1045,216,2,61.21,0.2
1049,2025-04-11,1057,215,6,90.28,0.2
1050,2025-03-16,1009,210,1,40.0,0.22
1051,2024-09-09,1091,204,1,32.49,0.22
1052,2024-05-17,1044,204,3,63.18,0.0
1053,2024-10-02,1095,208,9,64.91,0.25
1054,2024-12-30,1023,218,3,43.58,0.26
1055,2024-10-26,1043,218,7,70.06,0.2
1056,2025-02-28,1060,208,7,125.42,0.2
1057,2024-06-24,1081,206,3,47.4,0.18
1058,2025-04-25,1082,214,7,30.01,0.27
1059,2025-03-03,1004,220,4,77.13,0.1
1060,2025-05-06,1058,219,7,127.64,0.12
1061,2024-05-19,1050,201,4,54.45,0.19
1062,2025-04-18,1027,209,2,143.96,0.18
1063,2024-05-21,1074,204,9,44.1,0.04
1064,2024-07-12,1024,212,6,23.5,0.05
1065,2024-08-26,1026,215,2,59.11,0.19
1066,2024-10-31,1034,216,9,65.38,0.16
1067,2024-06-13,1082,211,10,33.96,0.3
1068,2024-10-20,1050,220,7,58.72,0.21
1069,2024-11-11,1076,204,6,37.83,0.13
1070,2024-10-12,1046,215,10,15.44,0.12
1071,2024-10-21,1023,210,10,67.09,0.24
1072,2024-06-14,1076,203,3,32.14,0.14
1073,2024-05-19,1041,204,4,161.52,0.02
1074,2025-03-19,1040,204,3,133.63,0.26
1075,2024-06-29,1048,205,9,76.38,0.02
1076,2025-04-28,1050,214,10,51.91,0.26
1077,2024-11-23,1018,219,7,40.54,0.07
1078,2025-04-09,1055,206,8,135.13,0.14
1079,2025-03-13,1082,218,3,30.43,0.23
1080,2024-07-02,1072,206,8,13.43,0.27
1081,2024-05-15,1037,205,3,62.85,0.11
1082,2025-04-14,1041,215,10,108.14,0.12
1083,2025-05-05,1007,212,1,68.9,0.15
1084,2024-08-05,1063,205,4,81.49,0.19
1085,2025-02-25,1050,218,9,39.69,0.23
1086,2024-06-21,1084,216,7,156.81,0.1
1087,2025-03-21,1088,216,7,87.68,0.11
1088,2024-10-01,1091,215,8,20.3,0.12
1089,2024-06-01,1022,203,10,149.95,0.18
1090,2025-01-07,1004,208,5,65.3,0.25
1091,2024-06-14,1005,209,4,134.93,0.25
1092,2025-03-17,1069,210,3,20.59,0.17
1093,2025-01-19,1100,215,10,94.12,0.05
1094,2024-09-21,1096,216,9,73.76,0.07
1095,2024-08-16,1066,204,10,151.98,0.16
1096,2024-08-08,1015,209,9,80.08,0.03
1097,2024-10-15,1047,218,1,80.83,0.28
1098,2025-03-22,1098,215,9,126.12,0.12
1099,2025-03-17,1028,214,2,115.39,0.04
1100,2024-07-13,1095,208,5,58.39,0.04
1101,2025-03-31,1005,215,5,154.47,0.11
1102,2024-10-26,1045,203,8,48.55,0.14
1103,2024-05-24,1016,208,4,124.76,0.3
1104,2024-10-04,1095,219,6,60.03,0.03
1105,2024-11-29,1091,220,7,28.03,0.05
1106,2024-11-18,1022,220,3,101.68,0.29
1107,2024-11-20,1027,207,1,137.26,0.29
1108,2024-05-17,1073,212,9,80.46,0.16
1109,2024-05-30,1036,220,9,47.61,0.07
1110,2024-12-24,1022,211,5,152.93,0.11
1111,2025-02-28,1038,219,5,123.0,0.21
1112,2024-11-22,1066,204,3,104.26,0.15
1113,2024-10-23,1097,214,1,118.6,0.07
1114,2025-04-28,1036,205,3,65.73,0.16
1115,2024-12-11,1032,205,6,36.46,0.17
1116,2024-12-11,1032,213,8,53.98,0.05
1117,2024-06-20,1019,219,5,151.01,0.06
1118,2025-03-17,1081,214,7,67.06,0.22
1119,2024-07-01,1058,203,2,102.93,0.1
1120,2025-03-05,1052,217,5,52.22,0.14
1121,2024-05-30,1089,212,8,92.94,0.04
1122,2024-11-20,1063,211,10,113.72,0.21
1123,2024-06-13,1001,203,8,22.26,0.04
1124,2024-05-28,1082,212,2,30.62,0.18
1125,2024-09-13,1069,213,4,18.42,0.14
1126,2024-05-12,1055,207,8,111.21,0.22
1127,2024-09-08,1035,211,5,140.82,0.02
1128,2025-02-17,1044,218,10,58.46,0.14
1129,2024-10-13,1017,219,8,92.55,0.29
1130,2024-09-27,1044,202,1,65.42,0.15
1131,2024-08-15,1013,215,1,109.18,0.23
1132,2025-04-03,1016,206,8,127.72,0.09
1133,2024-09-28,1059,201,7,45.33,0.16
1134,2024-05-30,1026,205,5,72.36,0.13
1135,2024-06-14,1021,209,2,125.99,0.28
1136,2024-11-06,1084,212,5,120.42,0.22
1137,2025-04-13,1011,212,3,62.28,0.14
1138,2025-04-08,1007,213,5,66.19,0.18
1139,2024-12-08,1093,208,7,137.83,0.24
1140,2024-07-21,1084,203,2,127.53,0.3
1141,2024-11-11,1001,207,8,14.65,0.0
1142,2024-05-14,1010,205,10,26.21,0.09
1143,2024-12-05,1029,217,8,13.48,0.09
1144,2025-04-19,1002,201,6,86.07,0.01
1145,2025-02-21,1016,214,3,157.41,0.07
1146,2024-09-29,1062,203,4,107.98,0.23
1147,2024-05-29,1050,203,2,61.41,0.01
1148,2024-07-27,1014,211,6,141.5,0.16
1149,2024-07-30,1039,205,7,65.92,0.19
1150,2025-01-04,1100,205,3,134.23,0.1
1151,2024-07-27,1009,217,10,49.35,0.16
1152,2025-03-02,1002,220,3,111.37,0.3
1153,2024-11-06,1057,212,4,87.44,0.3
1154,2024-06-16,1081,205,7,47.33,0.0
1155,2024-12-12,1079,215,4,106.66,0.1
1156,2024-08-19,1012,204,3,37.82,0.02
1157,2025-03-07,1097,204,10,83.17,0.28
1158,2025-02-27,1094,213,6,112.21,0.24
1159,2024-09-04,1055,211,3,169.69,0.21
1160,2025-01-08,1032,209,2,35.18,0.12
1161,2025-04-09,1032,218,10,48.17,0.08
1162,2024-07-06,1077,220,5,114.13,0.01
1163,2025-03-08,1100,201,5,105.39,0.16
1164,2024-09-30,1027,217,10,128.98,0.17
1165,2024-08-28,1066,207,7,135.3,0.0
1166,2024-05-18,1038,202,4,85.77,0.26
1167,2024-09-16,1064,213,2,91.83,0.03
1168,2024-07-01,1031,216,10,80.37,0.07
1169,2025-01-14,1010,217,1,24.29,0.04
1170,2024-05-27,1047,211,3,103.59,0.2
1171,2025-01-07,1050,219,7,43.77,0.26
1172,2024-07-14,1047,218,3,89.57,0.09
1173,2024-05-16,1098,216,2,109.49,0.08
1174,2024-07-13,1003,219,2,42.71,0.17
1175,2024-09-15,1002,209,4,113.67,0.16
1176,2025-02-21,1006,202,7,40.66,0.01
1177,2024-09-04,1065,210,9,22.67,0.12
1178,2025-03-15,1099,214,7,146.59,0.06
1179,2025-01-12,1090,213,2,50.95,0.26
1180,2024-07-28,1082,218,9,28.65,0.25
1181,2024-10-30,1079,205,5,140.36,0.19
1182,2024-05-14,1011,210,2,52.98,0.14
1183,2024-09-20,1066,207,3,107.69,0.09
1184,2024-09-24,1069,211,7,17.81,0.17
1185,2025-01-21,1076,203,5,30.42,0.28
1186,2025-04-12,1090,214,4,50.97,0.12
1187,2024-06-07,1008,208,2,94.46,0.26
1188,2024-09-26,1056,204,8,53.28,0.22
1189,2025-03-23,1079,220,1,121.67,0.12
1190,2024-07-19,1040,206,2,114.22,0.06
1191,2025-05-06,1002,205,1,110.88,0.21
1192,2025-05-04,1021,216,6,125.28,0.27
1193,2024-06-19,1067,217,5,58.63,0.14
1194,2024-12-24,1022,212,3,121.31,0.28
1195,2024-05-24,1096,209,2,47.97,0.28
1196,2025-01-26,1099,201,6,150.81,0.04
1197,2024-09-26,1055,209,9,147.62,0.26
1198,2025-02-01,1009,209,10,45.89,0.27
1199,2025-04-10,1081,203,8,71.64,0.13
1200,2024-07-01,1059,217,6,42.82,0.28
1201,2024-09-03,1008,216,10,122.66,0.03
1202,2025-05-02,1022,212,3,102.4,0.17
1203,2025-04-03,1033,204,10,36.41,0.25
1204,2024-09-10,1087,204,4,131.43,0.04
1205,2025-04-20,1095,217,1,51.77,0.26
1206,2024-08-11,1006,201,4,39.84,0.08
1207,2024-08-31,1006,216,6,38.63,0.2
1208,2025-02-26,1050,205,3,61.77,0.08
1209,2024-12-05,1005,218,7,131.36,0.19
1210,2024-07-30,1029,211,4,19.13,0.03
1211,2024-11-04,1054,211,5,78.32,0.12
1212,2025-02-02,1010,219,6,28.88,0.14
1213,2025-01-14,1016,217,1,104.14,0.19
1214,2024-11-29,1023,208,9,63.32,0.0
1215,2025-02-21,1006,213,2,55.19,0.06
1216,2024-06-05,1060,210,5,112.29,0.12
1217,2024-07-18,1042,203,9,52.38,0.11
1218,2024-08-03,1059,201,6,53.64,0.22
1219,2025-04-23,1026,210,10,75.25,0.24
1220,2024-09-13,1039,220,4,69.56,0.01
1221,2024-11-27,1060,212,10,103.97,0.28
1222,2025-04-02,1064,207,9,69.17,0.22
1223,2024-08-23,1098,208,3,161.72,0.02
1224,2024-08-01,1001,214,1,20.24,0.14
1225,2025-01-20,1030,218,6,84.26,0.03
1226,2024-11-28,1082,201,6,22.84,0.2
1227,2024-07-17,1001,213,5,21.51,0.23
1228,2024-08-24,1014,207,9,122.5,0.03
1229,2024-10-27,1031,214,8,75.24,0.07
1230,2024-10-30,1008,205,5,135.54,0.25
1231,2024-10-19,1012,202,4,39.13,0.28
1232,2025-02-16,1067,214,6,43.61,0.22
1233,2024-07-02,1059,203,10,41.79,0.27
1234,2025-05-03,1013,217,3,120.52,0.22
1235,2024-08-14,1082,213,2,34.65,0.01
1236,2024-12-29,1076,219,1,35.41,0.23
1237,2024-10-28,1056,205,4,45.08,0.08
1238,2024-06-04,1038,209,6,91.87,0.04
1239,2024-09-21,1051,211,6,155.96,0.17
1240,2024-07-06,1058,209,4,90.61,0.11
1241,2025-01-29,1010,207,3,22.98,0.05
1242,2024-10-04,1100,219,2,112.66,0.1
1243,2025-04-24,1020,204,3,78.4,0.22
1244,2025-04-23,1058,215,6,98.68,0.19
1245,2025-03-20,1053,204,9,34.55,0.17
1246,2024-10-06,1046,207,8,20.83,0.16
1247,2025-03-15,1040,215,5,167.19,0.2
1248,2024-07-14,1016,203,3,131.13,0.25
1249,2024-11-29,1088,210,10,91.41,0.09
1250,2024-12-13,1006,207,6,40.39,0.05
1251,2025-04-18,1019,203,4,156.24,0.21
1252,2024-10-30,1046,213,9,23.39,0.18
1253,2025-03-15,1007,210,5,67.17,0.02
1254,2024-06-09,1023,201,7,60.64,0.17
1255,2025-02-14,1058,218,9,140.85,0.07
1256,2025-04-12,1032,204,8,44.13,0.2
1257,2025-04-16,1014,205,2,128.33,0.17
1258,2024-07-20,1002,202,4,110.6,0.06
1259,2025-03-03,1017,207,7,132.38,0.19
1260,2025-01-17,1048,203,10,95.41,0.25
1261,2024-06-21,1076,209,2,33.93,0.08
1262,2025-01-18,1003,203,4,68.43,0.16
1263,2024-08-11,1083,215,3,161.69,0.05
1264,2025-02-02,1012,211,2,37.99,0.24
1265,2024-08-07,1006,215,1,57.2,0.1
1266,2024-10-19,1022,219,7,145.72,0.16
1267,2024-08-31,1093,213,8,104.01,0.21
1268,2024-07-10,1004,213,7,88.29,0.28
1269,2025-03-31,1023,212,4,55.93,0.07
1270,2024-09-19,1024,209,5,22.51,0.12
1271,2024-06-21,1058,205,1,103.01,0.23
1272,2024-07-05,1079,220,10,127.13,0.28
1273,2024-12-10,1032,210,8,53.19,0.19
1274,2024-05-30,1053,218,8,40.32,0.23
1275,2024-08-22,1008,203,5,115.66,0.05
1276,2024-08-02,1050,205,7,49.85,0.17
1277,2024-08-23,1026,217,4,82.58,0.14
1278,2024-11-18,1081,218,1,70.34,0.2
1279,2025-02-23,1049,212,8,17.5,0.3
1280,2024-07-02,1070,216,6,92.82,0.12
1281,2024-08-09,1073,217,6,87.58,0.03
1282,2024-11-06,1050,209,3,54.22,0.15
1283,2025-01-31,1004,211,10,77.22,0.29
1284,2024-09-23,1029,201,5,15.58,0.07
1285,2024-07-21,1008,216,9,110.86,0.28
1286,2025-01-16,1046,219,4,16.29,0.06
1287,2025-01-07,1021,204,4,91.69,0.0
1288,2024-09-04,1085,208,5,55.81,0.22
1289,2024-06-07,1069,202,4,18.43,0.21
1290,2025-02-03,1074,213,6,41.82,0.29
1291,2024-06-04,1023,206,4,68.63,0.12
1292,2025-03-13,1076,211,6,43.62,0.23
1293,2025-02-04,1076,201,6,33.83,0.07
1294,2024-08-14,1073,219,3,79.69,0.23
1295,2024-05-31,1073,207,8,99.4,0.23
1296,2025-03-29,1070,210,3,107.32,0.18
1297,2024-12-28,1063,202,2,112.91,0.24
1298,2025-05-01,1008,208,10,106.38,0.17
1299,2024-10-07,1029,201,9,17.68,0.01
1300,2024-10-01,1062,201,6,111.45,0.05
1301,2024-08-27,1079,207,3,137.72,0.24
1302,2024-11-17,1044,206,6,47.38,0.07
1303,2024-05-16,1008,201,3,107.79,0.27
1304,2024-06-22,1076,205,2,28.27,0.27
1305,2024-07-25,1068,212,2,32.35,0.3
1306,2025-04-15,1048,213,10,97.69,0.15
1307,2024-08-14,1013,211,5,136.66,0.14
1308,2025-02-03,1042,205,3,50.45,0.03
1309,2025-03-28,1094,214,8,75.21,0.02
1310,2024-11-27,1084,211,3,125.53,0.08
1311,2025-05-06,1091,218,10,28.22,0.3
1312,2025-02-20,1046,208,10,18.25,0.17
1313,2024-09-20,1023,213,5,53.72,0.25
1314,2024-12-20,1094,210,3,115.98,0.26
1315,2024-05-21,1023,201,10,68.82,0.01
1316,2024-10-27,1051,219,1,154.85,0.23
1317,2024-06-02,1024,220,6,25.08,0.29
1318,2024-10-02,1079,208,10,113.52,0.2
1319,2025-01-04,1014,216,3,104.03,0.13
1320,2024-06-08,1043,203,4,87.79,0.17
1321,2025-02-06,1045,211,3,49.87,0.1
1322,2025-02-27,1082,203,6,34.11,0.04
1323,2024-05-31,1058,201,5,110.05,0.27
1324,2024-09-17,1027,208,2,141.49,0.12
1325,2024-09-28,1045,209,2,58.24,0.25
1326,2024-11-27,1093,201,1,156.79,0.16
1327,2025-04-21,1050,215,7,43.61,0.08
1328,2024-08-12,1022,214,8,118.48,0.18
1329,2024-08-01,1049,212,9,16.43,0.19
1330,2024-12-10,1049,204,8,19.82,0.09
1331,2024-07-15,1074,208,3,52.12,0.14
1332,2024-10-10,1058,203,1,91.63,0.25
1333,2024-05-19,1038,201,6,83.04,0.22
1334,2025-02-11,1034,204,2,66.31,0.11
1335,2024-07-29,1044,206,7,62.2,0.15
1336,2024-06-10,1021,203,9,117.75,0.01
1337,2025-02-21,1012,211,10,31.94,0.28
1338,2025-02-07,1079,216,1,129.61,0.16
1339,2024-08-03,1056,206,10,46.79,0.18
1340,2024-12-15,1056,206,1,36.32,0.11
1341,2024-10-29,1013,211,4,150.45,0.06
1342,2025-01-31,1025,214,9,37.91,0.0
1343,2024-10-31,1093,218,5,128.02,0.26
1344,2025-03-04,1085,210,5,37.74,0.06
1345,2024-06-07,1031,204,1,62.65,0.22
1346,2025-05-02,1051,219,9,142.05,0.12
1347,2024-05-12,1063,205,1,109.33,0.18
1348,2024-11-24,1047,201,7,112.03,0.25
1349,2024-08-18,1012,210,10,31.3,0.08
1350,2024-05-09,1062,207,2,79.47,0.1
1351,2025-03-14,1004,207,3,100.37,0.12
1352,2024-08-13,1082,210,2,25.35,0.23
1353,2024-12-30,1061,204,5,63.78,0.04
1354,2025-03-12,1051,216,8,125.36,0.12
1355,2024-08-24,1085,209,2,54.06,0.01
1356,2025-04-02,1083,218,7,120.1,0.16
1357,2025-03-24,1024,212,7,25.64,0.19
1358,2024-06-01,1048,206,8,79.4,0.11
1359,2025-04-19,1006,209,8,57.24,0.19
1360,2024-08-02,1060,209,4,89.97,0.17
1361,2025-01-28,1035,219,1,156.19,0.21
1362,2024-10-18,1020,204,2,71.45,0.29
1363,2024-06-09,1086,212,9,98.14,0.05
1364,2024-10-27,1053,219,4,28.25,0.03
1365,2024-12-15,1071,202,7,118.0,0.04
1366,2025-02-10,1067,214,9,46.16,0.26
1367,2024-06-30,1088,216,10,80.43,0.01
1368,2025-04-07,1031,216,5,54.06,0.04
1369,2024-06-08,1011,213,1,45.08,0.2
1370,2025-01-02,1065,219,9,21.94,0.04
1371,2025-01-18,1074,220,3,49.68,0.2
1372,2024-06-20,1016,215,3,124.22,0.16
1373,2025-02-18,1022,207,4,119.51,0.14
1374,2024-11-07,1017,202,7,119.76,0.12
1375,2025-04-25,1011,214,4,62.58,0.0
1376,2025-04-21,1081,205,10,67.05,0.04
1377,2024-06-06,1034,211,2,66.98,0.18
1378,2024-10-19,1012,213,9,41.43,0.03
1379,2025-01-21,1051,218,6,136.81,0.15
1380,2024-11-02,1036,217,8,62.32,0.16
1381,2025-02-10,1002,220,10,99.47,0.13
1382,2024-06-10,1067,214,2,51.16,0.14
1383,2024-06-17,1054,205,3,63.94,0.29
1384,2025-04-11,1073,219,10,89.75,0.29
1385,2025-03-10,1098,204,2,114.22,0.26
1386,2025-03-19,1073,204,5,93.45,0.2
1387,2024-08-28,1069,212,7,21.02,0.09
1388,2025-01-23,1034,213,8,67.51,0.15
1389,2024-09-13,1074,220,8,34.93,0.09
1390,2024-10-02,1005,206,5,160.87,0.26
1391,2024-12-12,1052,205,10,56.41,0.19
1392,2025-04-12,1078,213,1,57.05,0.05
1393,2024-07-29,1051,211,4,112.92,0.01
1394,2024-10-13,1007,216,5,64.46,0.06
1395,2024-05-12,1048,201,6,76.68,0.28
1396,2024-12-16,1039,210,5,59.88,0.26
1397,2024-06-30,1063,204,4,102.13,0.07
1398,2025-03-27,1018,210,8,36.14,0.03
1399,2025-02-26,1100,211,5,106.93,0.2
1400,2024-11-23,1094,214,10,77.06,0.06
1401,2024-11-22,1083,203,4,127.43,0.29
1402,2024-08-19,1057,207,7,116.27,0.22
1403,2024-06-06,1095,216,9,47.86,0.23
1404,2024-09-13,1048,202,9,91.13,0.18
1405,2024-08-28,1021,203,5,148.25,0.1
1406,2024-07-27,1091,217,7,32.33,0.27
1407,2025-04-15,1018,217,10,29.68,0.14
1408,2024-08-07,1004,206,4,99.49,0.03
1409,2024-12-19,1026,202,4,71.86,0.29
1410,2024-09-13,1005,215,1,136.5,0.06
1411,2025-01-18,1047,207,5,97.78,0.06
1412,2024-08-22,1048,215,9,80.86,0.02
1413,2024-10-06,1051,204,1,139.8,0.16
1414,2024-12-18,1031,212,8,76.97,0.19
1415,2025-04-25,1077,215,3,107.17,0.21
1416,2024-08-01,1061,219,9,51.75,0.18
1417,2025-04-20,1045,212,3,43.5,0.28
1418,2024-09-12,1034,203,5,46.36,0.13
1419,2024-08-12,1004,213,1,88.51,0.14
1420,2024-08-28,1021,219,4,96.27,0.17
1421,2024-11-21,1029,208,4,16.47,0.21
1422,2025-03-22,1035,214,9,129.13,0.17
1423,2024-08-29,1003,201,8,54.2,0.2
1424,2024-06-19,1017,206,10,124.19,0.16
1425,2024-08-09,1002,208,5,85.76,0.0
1426,2024-09-16,1078,210,5,54.75,0.04
1427,2025-02-06,1055,213,6,139.61,0.18
1428,2025-03-14,1059,209,4,39.21,0.28
1429,2024-12-27,1060,210,9,83.45,0.23
1430,2024-09-11,1080,213,10,34.41,0.11
1431,2024-11-01,1014,201,9,93.93,0.19
1432,2024-06-11,1085,212,9,45.5,0.28
1433,2024-09-30,1083,220,10,137.91,0.28
1434,2024-12-23,1037,210,2,71.11,0.22
1435,2024-08-04,1062,203,6,102.51,0.22
1436,2025-02-13,1036,211,5,48.87,0.2
1437,2024-12-04,1034,210,4,58.51,0.22
1438,2025-03-07,1020,217,4,77.8,0.27
1439,2024-08-22,1008,220,7,90.4,0.24
1440,2025-02-19,1085,211,3,56.55,0.25
1441,2024-09-13,1093,201,8,132.82,0.13
1442,2024-11-06,1038,209,7,131.69,0.07
1443,2024-12-19,1052,213,1,46.8,0.2
1444,2024-10-24,1075,219,4,108.27,0.06
1445,2024-11-05,1044,208,9,57.76,0.25
1446,2025-01-26,1082,216,6,22.94,0.27
1447,2025-02-26,1065,210,3,20.32,0.11
1448,2025-02-23,1085,218,3,36.9,0.02
1449,2025-03-18,1038,204,8,127.33,0.11
1450,2025-01-16,1017,209,9,115.04,0.06
1451,2025-04-25,1098,206,6,137.74,0.18
1452,2024-05-11,1084,203,4,121.03,0.1
1453,2024-05-19,1046,208,5,22.9,0.11
1454,2024-08-15,1054,211,6,78.13,0.08
1455,2024-11-17,1034,219,5,66.67,0.12
1456,2025-04-04,1060,204,8,110.25,0.08
1457,2024-08-24,1007,219,10,84.07,0.09
1458,2024-05-07,1080,203,8,36.69,0.13
1459,2025-02-21,1025,217,2,37.97,0.24
1460,2025-01-16,1088,213,9,79.97,0.26
1461,2024-06-04,1039,214,1,74.38,0.26
1462,2025-03-25,1020,205,4,65.83,0.24
1463,2024-05-25,1044,214,10,51.46,0.26
1464,2024-10-26,1059,205,6,48.55,0.25
1465,2025-04-08,1092,206,2,131.55,0.16
1466,2025-05-03,1063,211,3,80.5,0.24
1467,2025-01-31,1041,202,1,134.65,0.15
1468,2024-10-05,1058,209,4,129.57,0.18
1469,2024-09-29,1098,206,10,112.59,0.18
1470,2025-05-05,1098,206,8,125.71,0.14
1471,2025-04-28,1098,203,3,101.61,0.06
1472,2025-05-03,1079,214,7,122.29,0.21
1473,2024-06-22,1052,214,8,34.97,0.12
1474,2024-12-08,1050,201,1,61.28,0.03
1475,2024-09-30,1069,207,6,19.98,0.24
1476,2024-06-18,1002,211,9,118.4,0.22
1477,2025-03-29,1025,201,1,48.95,0.25
1478,2024-08-10,1081,208,4,57.48,0.24
1479,2024-06-29,1089,212,5,63.76,0.28
1480,2024-10-01,1017,204,7,116.11,0.17
1481,2025-02-15,1065,219,5,23.18,0.22
1482,2024-08-16,1022,203,1,104.58,0.26
1483,2025-04-20,1039,210,8,71.77,0.06
1484,2025-04-28,1094,217,10,111.62,0.24
1485,2025-03-01,1068,211,7,41.32,0.11
1486,2024-10-03,1088,205,6,77.36,0.07
1487,2025-01-26,1063,212,4,88.67,0.27
1488,2025-03-22,1022,213,1,104.64,0.25
1489,2024-06-08,1030,208,3,75.24,0.16
1490,2024-10-07,1028,201,10,144.86,0.27
1491,2024-10-01,1065,206,2,24.32,0.14
1492,2025-01-05,1047,202,7,90.17,0.0
1493,2024-12-22,1082,209,9,26.42,0.14
1494,2024-06-23,1080,202,10,31.06,0.22
1495,2025-01-25,1007,204,1,64.26,0.15
1496,2024-09-11,1007,204,7,65.74,0.22
1497,2024-05-21,1057,213,2,120.12,0.16
1498,2024-12-08,1071,209,8,117.3,0.09
1499,2025-04-05,1090,205,4,46.99,0.1
1500,2024-05-16,1089,201,5,80.16,0.22
1501,2024-05-19,1054,204,9,92.81,0.04
1502,2025-03-27,1035,220,10,146.49,0.17
1503,2024-12-14,1090,205,7,37.58,0.06
1504,2024-07-12,1014,217,10,109.01,0.05
1505,2024-06-12,1016,210,2,112.36,0.08
1506,2024-12-25,1014,216,4,110.44,0.22
1507,2024-08-02,1078,207,5,67.23,0.3
1508,2024-07-26,1067,207,6,54.04,0.23
1509,2024-11-09,1091,214,5,31.43,0.2
1510,2025-03-15,1021,202,9,114.77,0.23
1511,2025-03-12,1064,207,8,72.34,0.1
1512,2024-11-16,1043,208,1,81.18,0.17
1513,2024-08-13,1002,203,2,75.05,0.28
1514,2025-02-12,1074,216,3,48.23,0.15
1515,2024-05-19,1012,217,2,42.97,0.13
1516,2024-11-15,1093,204,5,162.63,0.15
1517,2025-04-01,1083,208,8,110.0,0.23
1518,2025-01-27,1038,209,8,115.42,0.23
1519,2025-03-26,1007,204,3,82.88,0.23
1520,2024-11-24,1006,210,6,49.57,0.26
1521,2025-04-18,1087,211,7,131.28,0.12
1522,2025-02-04,1095,204,2,69.67,0.07
1523,2025-01-31,1098,202,1,145.21,0.26
1524,2025-04-15,1018,206,6,43.18,0.21
1525,2025-02-24,1046,215,10,21.67,0.14
1526,2024-06-03,1035,203,6,162.39,0.06
1527,2025-03-18,1044,206,2,44.09,0.09
1528,2024-09-26,1052,213,8,46.46,0.15
1529,2024-09-01,1035,213,8,158.84,0.12
1530,2024-10-19,1054,206,2,77.78,0.0
1531,2025-01-23,1017,202,3,114.18,0.19
1532,2025-04-05,1014,214,10,91.9,0.08
1533,2024-11-09,1062,219,8,83.34,0.01
1534,2024-08-14,1024,220,7,28.57,0.05
1535,2024-07-12,1100,212,10,129.92,0.25
1536,2025-01-22,1004,205,8,82.65,0.29
1537,2024-09-09,1063,204,7,94.86,0.15
1538,2024-11-24,1057,202,2,126.35,0.07
1539,2024-09-26,1034,211,1,71.08,0.01
1540,2025-02-04,1091,217,10,25.96,0.02
1541,2024-08-26,1093,219,4,146.62,0.18
1542,2024-09-13,1086,211,9,110.67,0.11
1543,2025-04-20,1067,220,2,52.81,0.01
1544,2024-12-02,1056,208,8,42.74,0.28
1545,2024-11-24,1045,213,3,48.66,0.25
1546,2025-03-13,1072,220,1,19.41,0.11
1547,2024-05-29,1002,206,9,103.77,0.03
1548,2024-07-16,1061,216,3,50.54,0.01
1549,2025-01-04,1010,216,6,25.51,0.13
1550,2025-02-27,1031,211,5,70.58,0.16
1551,2024-09-01,1007,217,4,63.13,0.2
1552,2025-03-11,1071,213,7,115.76,0.0
1553,2024-11-14,1031,203,8,59.23,0.21
1554,2025-01-28,1057,219,8,96.62,0.2
1555,2024-10-03,1012,216,8,32.91,0.12
1556,2025-04-07,1041,204,8,117.01,0.08
1557,2024-05-20,1096,201,2,63.13,0.13
1558,2024-06-13,1052,214,1,51.82,0.26
1559,2024-12-15,1072,218,1,17.0,0.23
1560,2024-12-07,1012,220,10,32.23,0.12
1561,2024-10-17,1082,210,9,32.31,0.12
1562,2024-11-12,1072,207,8,17.37,0.06
1563,2024-11-04,1044,212,1,56.36,0.26
1564,2025-01-29,1029,215,6,18.16,0.22
1565,2025-03-30,1072,220,10,18.64,0.17
1566,2025-02-18,1061,212,8,65.05,0.04
1567,2024-09-10,1015,204,4,94.53,0.14
1568,2025-04-17,1001,211,6,22.72,0.13
1569,2025-03-07,1082,210,9,30.0,0.16
1570,2024-09-14,1067,212,2,60.08,0.22
1571,2025-04-18,1006,206,8,40.79,0.16
1572,2025-02-24,1018,214,2,44.96,0.14
1573,2024-08-24,1033,220,4,26.92,0.2
1574,2024-08-05,1025,204,7,51.15,0.02
1575,2025-01-05,1028,215,4,143.78,0.25
1576,2024-05-18,1092,211,2,129.14,0.29
1577,2024-10-16,1097,214,1,124.36,0.23
1578,2025-02-18,1082,219,2,32.81,0.05
1579,2024-12-11,1099,215,8,112.49,0.14
1580,2024-08-03,1085,219,9,42.67,0.12
1581,2025-01-16,1018,216,1,46.13,0.25
1582,2025-04-24,1068,202,9,41.28,0.26
1583,2024-07-15,1056,219,8,52.39,0.13
1584,2024-12-30,1066,206,10,105.69,0.15
1585,2024-12-27,1023,205,2,62.39,0.13
1586,2025-02-23,1050,220,10,54.96,0.03
1587,2024-05-14,1042,217,7,53.03,0.24
1588,2024-06-12,1054,220,4,86.2,0.29
1589,2025-04-07,1036,213,6,65.62,0.27
1590,2024-07-04,1038,215,3,128.48,0.24
1591,2024-06-16,1018,214,10,42.11,0.0
1592,2024-09-09,1090,217,5,45.31,0.17
1593,2024-11-01,1090,218,6,41.71,0.1
1594,2025-01-09,1092,218,4,160.88,0.27
1595,2025-04-23,1026,207,10,82.08,0.12
1596,2024-07-09,1092,210,6,100.7,0.02
1597,2025-04-25,1087,205,3,110.16,0.0
1598,2024-07-16,1065,218,6,20.16,0.27
1599,2024-10-01,1091,204,6,29.3,0.09
1600,2025-04-09,1072,216,10,13.71,0.15
1601,2025-02-17,1074,214,9,33.53,0.28
1602,2024-10-22,1037,214,1,78.82,0.12
1603,2024-08-30,1067,204,1,53.38,0.02
1604,2025-01-03,1049,205,1,22.63,0.22
1605,2024-11-04,1086,202,4,109.19,0.04
1606,2024-08-19,1035,206,5,142.78,0.17
1607,2024-09-06,1088,209,3,102.42,0.11
1608,2025-03-25,1008,210,4,106.08,0.19
1609,2025-03-25,1097,218,1,116.26,0.14
1610,2025-04-19,1046,215,2,18.78,0.15
1611,2025-04-12,1079,218,4,160.58,0.14
1612,2024-12-03,1096,218,7,72.83,0.15
1613,2024-05-27,1031,217,5,83.93,0.25
1614,2024-08-12,1089,202,7,78.07,0.26
1615,2024-05-29,1050,214,6,41.29,0.28
1616,2025-01-04,1071,202,1,109.46,0.02
1617,2024-10-01,1096,209,4,64.26,0.29
1618,2025-03-31,1080,215,4,25.71,0.17
1619,2024-06-22,1082,212,10,32.81,0.24
1620,2025-02-19,1070,220,4,87.8,0.06
1621,2024-09-10,1100,207,5,90.59,0.17
1622,2024-10-26,1058,206,2,111.31,0.28
1623,2024-06-10,1024,206,9,22.73,0.21
1624,2025-02-17,1016,213,1,98.82,0.05
1625,2024-12-19,1055,209,9,139.92,0.14
1626,2024-12-07,1034,205,3,63.82,0.27
1627,2025-04-09,1075,209,1,105.33,0.29
1628,2024-08-06,1043,215,3,94.01,0.18
1629,2024-11-23,1006,205,6,54.62,0.19
1630,2024-05-24,1077,202,10,83.37,0.22
1631,2024-05-18,1085,210,8,38.74,0.18
1632,2025-04-01,1074,218,6,48.36,0.02
1633,2024-12-04,1010,211,9,21.36,0.27
1634,2025-04-14,1029,206,9,16.28,0.07
1635,2024-08-17,1009,217,3,48.44,0.18
1636,2024-12-04,1054,218,9,78.43,0.29
1637,2024-09-26,1052,203,6,49.81,0.11
1638,2025-01-07,1029,207,6,17.65,0.27
1639,2025-04-09,1043,212,5,65.02,0.06
1640,2025-04-05,1028,220,9,109.46,0.21
1641,2024-06-18,1061,218,1,65.6,0.19
1642,2025-05-01,1015,212,8,117.84,0.23
1643,2024-07-31,1031,220,10,56.59,0.1
1644,2024-08-01,1032,202,6,42.13,0.12
1645,2024-05-12,1049,204,7,22.95,0.27
1646,2024-06-20,1033,218,5,27.32,0.17
1647,2025-03-13,1004,217,6,92.16,0.12
1648,2024-05-27,1066,217,8,103.72,0.14
1649,2025-03-08,1063,202,5,76.31,0.28
1650,2025-04-08,1084,207,6,102.52,0.13
1651,2024-05-26,1066,203,2,125.29,0.3
1652,2025-01-29,1022,218,9,110.25,0.03
1653,2024-12-09,1001,203,4,14.19,0.05
1654,2024-10-24,1086,207,7,86.41,0.19
1655,2025-03-16,1014,207,9,103.73,0.01
1656,2024-07-19,1090,214,2,53.33,0.11
1657,2024-10-25,1096,205,1,55.83,0.09
1658,2025-03-25,1059,211,1,55.96,0.05
1659,2024-10-10,1012,203,1,42.37,0.23
1660,2024-07-05,1023,209,9,44.55,0.3
1661,2025-04-15,1010,219,4,21.84,0.03
1662,2025-02-01,1034,214,7,67.88,0.21
1663,2024-08-13,1058,213,7,120.34,0.05
1664,2024-07-05,1041,201,7,138.64,0.23
1665,2025-04-07,1087,204,9,109.66,0.09
1666,2024-11-09,1001,220,2,14.14,0.05
1667,2024-12-28,1097,219,1,129.04,0.13
1668,2025-03-20,1090,203,6,56.84,0.12
1669,2024-11-15,1065,204,5,29.02,0.08
1670,2025-02-06,1088,210,10,81.24,0.06
1671,2024-10-06,1012,210,8,32.92,0.16
1672,2024-05-25,1049,213,1,26.25,0.2
1673,2024-10-04,1061,206,9,53.42,0.01
1674,2025-02-20,1029,205,7,12.63,0.17
1675,2024-12-28,1070,210,3,103.34,0.28
1676,2024-12-11,1039,212,1,47.48,0.16
1677,2024-05-27,1071,218,3,101.47,0.2
1678,2024-10-22,1016,202,1,131.91,0.21
1679,2025-03-11,1074,220,7,47.41,0.04
1680,2024-05-29,1069,218,2,22.69,0.04
1681,2025-03-06,1040,207,6,154.86,0.12
1682,2024-12-04,1028,214,9,127.68,0.27
1683,2025-03-15,1019,206,3,155.63,0.25
1684,2024-08-04,1029,220,5,15.49,0.22
1685,2025-03-17,1025,204,3,44.51,0.26
1686,2025-01-10,1086,219,1,95.91,0.29
1687,2024-07-05,1097,218,8,132.04,0.22
1688,2025-03-06,1083,218,2,120.78,0.04
1689,2024-10-26,1038,203,5,124.43,0.05
1690,2025-03-17,1013,207,10,159.05,0.15
1691,2024-09-30,1063,211,6,92.8,0.27
1692,2025-04-18,1017,208,2,125.36,0.17
1693,2024-12-07,1037,220,2,84.53,0.11
1694,2024-05-22,1025,211,8,50.34,0.08
1695,2025-04-01,1058,211,10,138.03,0.27
1696,2024-10-22,1085,210,10,44.38,0.22
1697,2024-11-18,1020,219,10,87.88,0.1
1698,2025-04-21,1047,211,7,116.23,0.01
1699,2024-12-03,1022,201,6,115.75,0.16
1700,2025-03-24,1032,208,7,43.95,0.18
1701,2024-08-29,1036,212,3,63.57,0.19
1702,2024-05-07,1087,211,8,127.01,0.02
1703,2025-01-04,1060,215,6,103.0,0.07
1704,2025-01-30,1100,210,8,103.11,0.17
1705,2024-09-15,1071,204,3,87.99,0.09
1706,2024-05-06,1083,220,2,118.01,0.28
1707,2024-12-14,1036,205,9,68.85,0.18
1708,2024-08-28,1026,209,2,84.63,0.24
1709,2025-01-29,1094,203,1,101.34,0.0
1710,2024-07-25,1065,201,10,29.75,0.21
1711,2025-04-07,1075,213,10,104.19,0.23
1712,2024-12-19,1028,202,9,127.62,0.21
1713,2024-11-07,1034,218,9,70.87,0.11
1714,2024-08-30,1061,205,6,68.77,0.14
1715,2024-05-28,1051,208,10,144.22,0.23
1716,2024-09-07,1094,210,3,75.81,0.19
1717,2024-10-14,1060,217,9,95.08,0.2
1718,2025-04-18,1012,213,6,35.0,0.23
1719,2024-10-13,1065,201,4,21.51,0.19
1720,2024-10-13,1079,206,9,122.12,0.26
1721,2025-03-01,1018,215,3,46.88,0.3
1722,2025-02-23,1023,219,10,64.0,0.23
1723,2025-02-03,1085,205,8,41.54,0.1
1724,2025-05-02,1046,202,4,18.99,0.23
1725,2025-01-13,1098,216,4,157.93,0.06
1726,2024-06-08,1009,209,6,53.4,0.21
1727,2025-04-19,1030,202,4,85.5,0.06
1728,2024-08-25,1067,212,7,44.27,0.17
1729,2024-08-27,1061,215,1,67.07,0.06
1730,2024-10-18,1006,211,2,48.32,0.26
1731,2025-01-28,1091,217,5,30.96,0.28
1732,2024-08-22,1095,209,10,54.94,0.1
1733,2024-07-08,1070,219,3,102.64,0.13
1734,2025-03-17,1049,213,6,16.99,0.08
1735,2024-11-26,1076,203,9,35.79,0.09
1736,2025-03-23,1033,213,4,27.7,0.09
1737,2025-04-29,1067,213,6,43.89,0.19
1738,2024-06-20,1045,216,8,54.11,0.2
1739,2024-12-08,1078,201,9,55.32,0.09
1740,2025-03-04,1018,215,3,41.09,0.18
1741,2024-09-04,1030,203,9,81.4,0.11
1742,2024-09-07,1083,209,4,162.11,0.1
1743,2024-08-09,1020,206,3,83.06,0.2
1744,2024-11-28,1047,220,2,96.0,0.1
1745,2024-11-11,1085,208,7,46.66,0.24
1746,2024-10-14,1043,204,8,70.88,0.04
1747,2024-10-10,1087,216,8,110.22,0.25
1748,2024-09-09,1027,219,3,97.19,0.3
1749,2024-05-22,1083,214,1,137.84,0.3
1750,2024-11-03,1032,202,3,52.7,0.14
1751,2024-05-26,1074,219,3,37.64,0.05
1752,2025-03-30,1018,217,1,33.97,0.21
1753,2025-04-06,1074,205,1,39.22,0.1
1754,2024-11-27,1022,209,3,128.19,0.27
1755,2024-05-24,1067,213,10,47.91,0.0
1756,2024-11-07,1073,201,5,64.06,0.27
1757,2024-09-25,1011,207,8,56.04,0.08
1758,2024-09-15,1078,216,8,54.85,0.09
1759,2024-10-27,1022,208,7,107.0,0.28
1760,2025-02-21,1077,205,10,119.02,0.14
1761,2025-04-29,1099,206,10,153.22,0.07
1762,2025-04-14,1085,217,5,53.2,0.26
1763,2024-10-25,1022,211,8,122.35,0.23
1764,2024-06-13,1077,219,2,94.31,0.09
1765,2024-12-21,1030,213,7,65.76,0.13
1766,2024-08-21,1017,204,1,132.62,0.28
1767,2025-04-10,1026,217,9,73.76,0.26
1768,2024-12-31,1088,214,3,100.49,0.05
1769,2024-06-14,1078,204,3,64.53,0.04
1770,2025-03-05,1061,220,10,67.99,0.28
1771,2025-01-15,1005,218,9,109.65,0.22
1772,2025-01-18,1097,204,2,116.22,0.18
1773,2024-09-16,1062,205,10,91.87,0.11
1774,2024-07-19,1070,201,7,71.5,0.07
1775,2024-11-16,1067,214,6,43.17,0.17
1776,2024-08-04,1006,217,7,38.09,0.26
1777,2024-08-06,1030,216,7,82.06,0.21
1778,2024-12-02,1045,219,10,49.45,0.17
1779,2024-08-25,1013,214,3,164.85,0.02
1780,2024-08-13,1033,216,4,26.56,0.23
1781,2024-06-26,1011,210,10,42.18,0.02
1782,2024-05-13,1070,214,5,85.49,0.03
1783,2024-06-25,1025,201,1,46.06,0.07
1784,2024-05-23,1074,217,2,52.47,0.24
1785,2024-12-28,1067,201,7,61.8,0.19
1786,2025-01-01,1084,207,6,151.63,0.07
1787,2024-07-26,1053,212,2,39.43,0.24
1788,2024-12-04,1020,214,10,95.05,0.17
1789,2024-05-13,1033,209,9,26.45,0.13
1790,2024-06-04,1055,219,6,163.41,0.01
1791,2024-09-29,1079,209,7,155.37,0.07
1792,2024-06-09,1097,207,7,90.48,0.03
1793,2024-07-07,1071,218,8,79.43,0.16
1794,2024-08-15,1023,212,9,48.38,0.3
1795,2024-12-03,1072,216,5,17.26,0.04
1796,2024-08-05,1040,219,6,154.19,0.27
1797,2024-05-31,1100,213,3,130.04,0.02
1798,2024-07-11,1085,204,4,57.36,0.24
1799,2024-05-23,1058,206,2,95.11,0.02
1800,2025-01-24,1028,217,7,130.34,0.05
1801,2024-12-03,1044,218,10,62.45,0.11
1802,2025-02-17,1090,202,3,55.25,0.17
1803,2024-12-04,1050,201,2,43.07,0.04
1804,2024-11-04,1019,216,10,135.81,0.23
1805,2024-06-09,1056,203,2,52.34,0.08
1806,2024-06-15,1034,208,6,50.2,0.01
1807,2024-05-09,1011,220,1,56.84,0.02
1808,2024-09-15,1093,213,7,126.96,0.18
1809,2025-01-02,1079,217,5,165.61,0.09
1810,2025-04-08,1092,220,1,115.69,0.2
1811,2025-02-15,1100,206,8,122.97,0.1
1812,2024-09-01,1057,201,4,123.33,0.25
1813,2025-02-06,1085,217,5,41.74,0.07
1814,2025-03-01,1025,202,10,44.5,0.23
1815,2024-06-26,1066,217,4,96.32,0.21
1816,2024-12-30,1079,206,1,146.54,0.07
1817,2025-04-12,1047,208,1,102.28,0.28
1818,2024-11-14,1021,203,5,93.64,0.1
1819,2025-01-05,1100,213,6,112.81,0.27
1820,2024-05-19,1086,213,7,123.09,0.13
1821,2024-12-30,1076,207,9,41.75,0.16
1822,2024-05-11,1002,203,2,99.34,0.08
1823,2025-02-01,1071,210,9,88.86,0.09
1824,2024-11-30,1075,212,6,101.39,0.01
1825,2025-03-02,1036,208,10,67.82,0.05
1826,2024-12-26,1025,215,7,38.26,0.16
1827,2024-11-28,1074,201,5,48.52,0.03
1828,2024-10-12,1023,214,9,51.07,0.29
1829,2025-03-06,1014,218,2,106.2,0.09
1830,2025-03-11,1065,210,6,30.56,0.02
1831,2024-11-06,1015,217,5,95.5,0.11
1832,2024-12-30,1069,219,5,18.07,0.09
1833,2025-02-26,1089,215,7,67.13,0.09
1834,2024-06-06,1073,216,4,63.39,0.23
1835,2024-07-31,1097,211,8,103.88,0.13
1836,2024-08-25,1088,215,10,103.48,0.2
1837,2025-04-16,1004,216,2,61.66,0.28
1838,2024-08-30,1034,203,7,51.13,0.03
1839,2025-03-11,1082,208,4,33.1,0.15
1840,2025-03-12,1041,214,6,135.62,0.07
1841,2025-04-14,1067,218,1,57.65,0.08
1842,2024-05-13,1090,209,4,55.0,0.06
1843,2024-09-13,1037,203,7,97.45,0.17
1844,2025-01-29,1087,211,2,140.36,0.21
1845,2025-01-28,1071,206,8,112.69,0.1
1846,2024-07-25,1041,212,4,122.1,0.06
1847,2024-09-13,1074,209,3,51.65,0.25
1848,2025-01-31,1096,207,8,58.35,0.04
1849,2024-10-01,1095,207,4,55.4,0.19
1850,2024-08-23,1095,208,5,57.45,0.23
1851,2024-11-23,1027,208,4,150.38,0.06
1852,2024-06-13,1032,220,6,42.64,0.13
1853,2025-02-12,1020,204,2,76.87,0.06
1854,2024-07-12,1011,216,10,41.35,0.27
1855,2025-05-05,1001,218,1,17.88,0.15
1856,2024-10-14,1062,212,10,116.55,0.23
1857,2024-12-17,1041,216,10,115.11,0.17
1858,2024-06-27,1036,216,3,55.1,0.24
1859,2024-12-14,1098,217,5,145.82,0.21
1860,2025-01-12,1051,208,10,122.78,0.24
1861,2024-07-27,1017,202,9,93.58,0.05
1862,2025-01-04,1055,216,9,131.77,0.02
1863,2024-06-06,1005,217,6,115.93,0.25
1864,2024-08-03,1051,206,8,161.81,0.09
1865,2024-07-13,1016,217,8,113.65,0.08
1866,2024-05-30,1041,201,1,125.07,0.01
1867,2025-04-10,1087,207,7,146.12,0.06
1868,2024-05-21,1075,204,6,94.89,0.0
1869,2024-09-15,1047,220,5,110.3,0.22
1870,2024-10-31,1024,218,5,35.08,0.23
1871,2024-08-24,1031,209,8,62.77,0.07
1872,2024-12-13,1079,211,6,149.8,0.11
1873,2024-10-19,1024,216,7,29.78,0.0
1874,2024-12-28,1027,214,6,95.6,0.16
1875,2024-06-27,1047,213,5,97.05,0.23
1876,2024-09-16,1058,206,10,93.66,0.15
1877,2025-01-25,1017,219,4,101.77,0.03
1878,2025-04-15,1013,209,4,129.95,0.05
1879,2024-10-23,1072,214,7,14.42,0.1
1880,2024-12-13,1026,205,3,62.08,0.03
1881,2025-04-29,1061,201,3,50.12,0.06
1882,2024-12-15,1054,216,3,61.37,0.19
1883,2024-06-26,1081,217,9,52.96,0.08
1884,2024-09-02,1093,211,8,121.3,0.2
1885,2024-08-11,1039,209,9,73.04,0.23
1886,2024-06-04,1073,202,7,90.26,0.15
1887,2025-01-02,1013,206,1,148.53,0.17
1888,2025-04-26,1028,209,8,109.46,0.06
1889,2025-05-03,1081,204,8,53.21,0.27
1890,2024-09-15,1096,211,5,61.45,0.22
1891,2024-10-07,1047,212,9,87.08,0.12
1892,2025-04-07,1072,209,6,13.65,0.05
1893,2024-06-28,1003,214,2,64.29,0.18
1894,2024-08-06,1045,220,4,47.62,0.24
1895,2025-03-20,1074,219,9,38.66,0.29
1896,2024-07-02,1023,210,6,51.8,0.1
1897,2025-01-02,1042,217,8,43.06,0.04
1898,2024-12-07,1100,215,2,94.45,0.19
1899,2024-09-15,1049,220,5,25.06,0.24
1900,2025-02-07,1060,205,3,90.56,0.16
1901,2024-08-28,1082,211,7,23.72,0.01
1902,2024-07-12,1081,220,10,63.47,0.16
1903,2025-04-18,1052,203,2,36.53,0.01
1904,2024-12-16,1021,211,4,148.21,0.01
1905,2024-11-05,1041,211,5,136.35,0.15
1906,2024-07-29,1091,209,10,21.73,0.05
1907,2024-08-16,1083,213,5,125.5,0.23
1908,2025-02-13,1057,212,10,102.56,0.19
1909,2024-10-05,1067,215,7,69.56,0.23
1910,2024-09-07,1022,206,1,127.28,0.13
1911,2024-07-06,1017,208,5,126.22,0.2
1912,2025-01-09,1096,203,4,60.09,0.19
1913,2024-12-01,1022,213,2,101.21,0.13
1914,2024-07-20,1013,203,8,121.33,0.04
1915,2025-01-21,1071,202,1,83.02,0.18
1916,2024-09-19,1099,213,9,131.75,0.08
1917,2025-04-11,1098,203,2,129.73,0.15
1918,2025-02-20,1034,220,3,49.94,0.2
1919,2025-01-19,1011,213,5,59.41,0.24
1920,2024-07-29,1030,208,5,85.17,0.15
1921,2024-09-16,1057,205,3,80.55,0.09
1922,2025-02-15,1068,206,1,31.22,0.29
1923,2024-06-12,1005,212,6,109.52,0.05
1924,2025-02-01,1061,215,9,74.25,0.28
1925,2024-05-10,1035,218,8,155.2,0.0
1926,2024-10-16,1018,218,3,29.49,0.11
1927,2024-05-08,1076,220,8,30.84,0.01
1928,2024-05-31,1081,219,7,57.99,0.28
1929,2025-02-12,1068,218,5,35.54,0.2
1930,2024-05-31,1045,216,9,55.48,0.08
1931,2025-04-16,1030,203,8,87.05,0.06
1932,2024-08-14,1040,212,7,115.53,0.21
1933,2024-09-01,1034,205,5,47.64,0.3
1934,2025-04-30,1002,201,9,82.65,0.18
1935,2025-04-17,1098,205,6,125.94,0.04
1936,2024-11-30,1037,216,9,63.46,0.19
1937,2024-07-05,1002,216,8,112.0,0.25
1938,2024-08-10,1039,201,7,61.44,0.23
1939,2025-01-06,1038,220,4,115.11,0.22
1940,2025-05-04,1001,218,6,18.54,0.19
1941,2024-11-04,1025,214,9,50.76,0.12
1942,2025-02-27,1056,213,4,52.89,0.18
1943,2024-05-10,1021,213,7,100.54,0.01
1944,2024-10-14,1029,209,2,14.39,0.16
1945,2024-12-25,1055,208,9,166.61,0.04
1946,2025-02-03,1098,220,5,150.64,0.26
1947,2024-08-14,1037,218,5,68.34,0.26
1948,2025-05-03,1053,207,2,41.33,0.22
1949,2024-10-03,1024,205,5,32.82,0.3
1950,2024-05-22,1015,215,10,102.11,0.09
1951,2025-04-30,1058,209,10,132.46,0.18
1952,2025-01-19,1063,207,6,100.99,0.08
1953,2025-04-24,1003,205,1,62.39,0.02
1954,2025-03-02,1069,201,3,23.88,0.1
1955,2025-03-29,1014,210,5,98.4,0.13
1956,2025-04-13,1017,215,1,93.01,0.21
1957,2024-08-26,1030,203,3,96.93,0.25
1958,2024-12-17,1002,216,4,80.01,0.04
1959,2024-06-14,1044,214,5,61.9,0.28
1960,2024-05-07,1064,212,8,82.82,0.15
1961,2024-10-25,1090,202,6,42.02,0.27
1962,2024-06-02,1011,205,1,55.98,0.09
1963,2024-08-03,1035,213,2,124.19,0.27
1964,2025-03-17,1070,216,3,70.1,0.1
1965,2025-04-26,1025,209,7,45.4,0.04
1966,2024-06-22,1002,204,4,78.35,0.24
1967,2024-06-10,1050,215,4,60.55,0.25
1968,2024-07-21,1095,202,4,70.05,0.17
1969,2024-11-07,1059,204,9,52.38,0.12
1970,2024-11-01,1086,207,8,108.71,0.3
1971,2024-11-27,1050,210,6,44.13,0.12
1972,2024-08-07,1021,202,9,118.72,0.04
1973,2024-09-23,1067,204,5,44.96,0.25
1974,2024-11-08,1062,210,4,119.35,0.12
1975,2024-12-30,1047,202,4,75.33,0.02
1976,2024-09-15,1015,208,7,115.52,0.14
1977,2024-09-13,1042,201,3,43.24,0.14
1978,2025-04-19,1036,219,2,51.71,0.15
1979,2025-04-16,1051,208,1,156.11,0.18
1980,2024-12-17,1006,219,8,51.46,0.11
1981,2024-09-24,1089,220,3,93.25,0.2
1982,2024-07-09,1048,203,4,65.39,0.17
1983,2024-10-22,1021,216,2,105.79,0.24
1984,2024-05-22,1088,220,6,83.85,0.3
1985,2024-08-25,1098,202,1,105.69,0.23
1986,2024-08-15,1046,205,9,20.93,0.23
1987,2025-03-18,1014,205,8,108.81,0.15
1988,2024-07-26,1030,211,9,92.77,0.07
1989,2024-12-27,1083,212,8,117.29,0.17
1990,2025-01-10,1094,207,1,98.23,0.08
1991,2024-12-25,1089,213,6,75.47,0.08
1992,2024-10-06,1093,205,5,149.31,0.2
1993,2024-10-06,1006,216,8,54.59,0.29
1994,2024-12-15,1072,210,9,16.45,0.02
1995,2024-06-12,1090,216,4,36.02,0.09
1996,2025-03-02,1073,206,9,98.31,0.16
1997,2025-01-03,1045,211,8,45.98,0.12
1998,2024-12-21,1036,220,9,59.38,0.2
1999,2024-09-15,1021,203,9,99.84,0.29
2000,2024-10-04,1020,215,5,86.72,0.04
